time_s,com_x_m,com_y_m,com_z_m,com_vx_mps,com_vy_mps,com_vz_mps,speed_mps,course_deg,course_rate_degps,pod_roll_deg,pod_pitch_deg,pod_yaw_deg,pod_wx_degps,pod_wy_degps,pod_wz_degps,canopy_roll_deg,canopy_pitch_deg,canopy_yaw_deg,thrust_N,brake_L_target_rad,brake_L_command_rad,brake_L_actual_rad,brake_R_target_rad,brake_R_command_rad,brake_R_actual_rad
0.0,-0.003132854573667885,-1.096787657635706e-07,0.12574077566872374,6.000000000000001,0.0,0.0,6.000000000000001,0.0,,0.0,-0.0,0.0,0.0,0.0,0.0,0.0,-0.0,0.0,0.8,0.0,0.0,0.0,0.0,0.0,0.0
0.05000000000000004,0.2963269518318141,1.9699837547180763e-06,0.12023688033457545,5.982108354617743,0.00011783688495364552,-0.21223712270287584,5.985872114949177,0.0011286248556042246,0.022572497112084474,-0.005097030382382798,-1.1478456550252887,-0.06900383711200787,-37.79692403540174,-2.8025728357955444,0.08358266047223173,-0.0013497134937199816,-1.224305195622489,-0.04130974413473724,0.8,0.0,0.0,-2.043763862413231e-05,0.0,0.0,-1.9292293236565737e-05
0.10000000000000007,0.5953812210885393,5.408193618043968e-06,0.10529570686756197,5.982631189393434,-0.0001918146264010969,-0.37294348173011205,5.994244141312641,-0.0018370125434741926,-0.0593127479815683,-0.01034279689929482,-3.3592159028789457,-0.3120516560824348,-48.36897702462875,-7.3245124427077375,-0.36150886968082957,0.010870235915652279,-3.8140779742147255,-0.25314529243013423,0.8,0.0,0.0,-3.3955035108666147e-05,0.0,0.0,-3.1914065597435896e-05
0.1500000000000001,0.8947846619400104,-5.90682712459208e-05,0.0841159901986908,5.994462989835525,-0.0029742163517450784,-0.4597810956744849,6.012070694728265,-0.028427905989104166,-0.5318178689125992,-0.008705058144973394,-5.925862722989472,-0.7677197759080371,-55.262578911194844,-10.711112989532218,0.07841794879626819,0.06969726668465204,-6.910441589945126,-0.6246110184085496,0.8,0.0,0.0,-3.711356139795437e-05,0.0,0.0,-3.521575578726898e-05
0.20000000000000015,1.194819290658903,-0.00037356784525795754,0.060743370698316146,6.005209585563589,-0.010452078740768122,-0.46011129324972183,6.0228194240464115,-0.0997233128560485,-1.4259081373388856,0.08279466466384437,-9.009135796740507,-1.332038629176748,-68.50521672352453,-9.719058716694022,2.900433213822249,0.20487828531957683,-10.25027561850875,-1.081382475993016,0.8,0.0,0.0,-3.4446658250200626e-05,0.0,0.0,-3.399693728750485e-05
0.25000000000000017,1.4949826833968924,-0.0012075434887883927,0.039611355615874234,5.996685444071507,-0.023757143675534883,-0.3719843877057712,6.008258741242053,-0.22698821829486412,-2.5452981087763114,0.378707065362579,-12.692443409986277,-1.711531866655415,-76.08176759665845,-5.282131362578796,5.817402194562182,0.42692100761501767,-13.641794565571985,-1.5618931068342226,0.8,0.0,0.0,-3.622781959286685e-05,0.0,0.0,-3.7810980891444585e-05
0.3000000000000002,1.7939165788706901,-0.002843542754825567,0.024781108298279692,5.955182806532538,-0.042201319598450505,-0.2139570135323878,5.959174507785144,-0.40601894306514114,-3.5806144954055377,0.696103293999597,-16.25718638220023,-1.997404031849985,-63.18756768660991,-4.681885383509081,3.7241875120497605,0.6873806962859038,-16.35312217355483,-1.9335863892299778,0.8,0.0,0.0,-4.9710222887351225e-05,0.0,0.0,-5.057200451046507e-05
0.35000000000000026,2.089942448278463,-0.005491865442524814,0.018809302160104905,5.882702800056923,-0.06383442236655697,-0.026903164052093476,5.8831106438271625,-0.6217039294142146,-4.313699726981464,0.9554722085338383,-18.476946893596224,-2.1786009654996454,-21.656019390571576,0.2724785612790911,4.760347984130807,0.935735897701023,-17.542474850210237,-2.082531693541303,0.8,0.0,0.0,-6.956089058541651e-05,0.0,0.0,-7.141137417255409e-05
0.4000000000000003,2.3819693487523796,-0.009240637527904105,0.021575185017921758,5.79940819453851,-0.08562112758659561,0.12543073553446016,5.80139631931713,-0.8458402474507624,-4.482726360730952,1.1696887551152406,-18.35473906053304,-1.9856489249238591,23.299476112029147,6.81624406850131,5.710551963065585,1.1570284444056222,-16.926849641708337,-1.938941781229392,0.8,0.0,0.0,-7.979933822629399e-05,0.0,0.0,-8.275680176295401e-05
0.45000000000000034,2.670006068138601,-0.014004393206259676,0.030150614992535168,5.725325297509637,-0.10385736506560277,0.20385878115287182,5.729894808566326,-1.0392311022114327,-3.8678170952134026,1.337545555605655,-16.628282835924875,-1.4799052062367903,40.51646781709891,10.509367059206316,5.841431370097633,1.3412748422370175,-15.495430662752577,-1.5079572018159095,0.8,0.0,0.0,-7.259848400326521e-05,0.0,0.0,-7.453591063815184e-05
0.5000000000000003,2.954743728126242,-0.019524833664195773,0.04083906755605281,5.667416754113218,-0.11564203744273782,0.21437695068789234,5.6726486955048925,-1.1689419784402642,-2.5942175245766292,1.4896111133441985,-14.781819404455183,-0.9149366719997056,30.473742961177503,9.43247069660277,4.931708356926107,1.4909345744549534,-14.284958690004968,-0.9411290640501757,0.8,0.0,0.0,-5.863655174833875e-05,0.0,0.0,-5.859418790057473e-05
0.5499999999999948,3.2369476491704017,-0.025456628159784358,0.05094596060486378,5.622886795691863,-0.12054641352751433,0.18665326968614301,5.627275255224751,-1.2281490144171134,-1.1841407195371183,1.6239168991308794,-13.944506321549856,-0.4689751004819075,3.6345023605813735,6.4050469335786,3.807958523974794,1.6247558581720631,-13.933569530730074,-0.4882301461419183,0.8,0.0,0.0,-4.6392516611046137e-05,0.0,0.0,-4.523806179661641e-05
0.5999999999999893,3.5171229413077882,-0.03150254983061713,0.05939830369912698,5.585049125170005,-0.12081794911349493,0.15302253167464014,5.588451181015214,-1.2392512447924695,-0.2220446075071432,1.7630420263865605,-14.33018714404932,-0.34219259193539364,-16.994975381746624,-0.8108243134299135,2.7009742752760832,1.7652296985520093,-14.553832369234241,-0.3623797987184948,0.8,0.0,0.0,-4.3505382849599365e-05,0.0,0.0,-4.048402468327742e-05
0.6499999999999838,3.7954369036986955,-0.03752784190844805,0.06650052435368747,5.547449793168069,-0.12046538119098778,0.13483606715552648,5.5503956508335435,-1.244008247870688,-0.09514006156438119,1.9350011716079436,-15.471956686384113,-0.6320541287529932,-27.23013755271506,-8.418502498242864,1.784955797690586,1.9372730644857203,-15.719359107637835,-0.6481805653708185,0.8,0.0,0.0,-4.550870964489277e-05,0.0,0.0,-4.19144746905287e-05
0.6999999999999783,4.071767316847819,-0.043611686554628375,0.07326666076836628,5.505101624136555,-0.12378436902187223,0.13956033932090334,5.508261390892451,-1.2881010171071783,-0.8818553847299025,2.1512391165919147,-16.87002176174919,-1.2821952769196654,-28.113757223894883,-13.820530077492744,0.997370662845792,2.151832769032729,-16.9797199407503,-1.287923999870098,0.8,0.0,0.0,-4.9151135834750685e-05,0.0,0.0,-4.629436203336924e-05
0.7499999999999728,4.345803075663789,-0.050024295376852074,0.08078750727872244,5.45561582591203,-0.13390421136582498,0.16345768336075425,5.459706291735204,-1.406001879193452,-2.358017241725738,2.39211650134123,-18.099138725303536,-2.1192042575588776,-21.15709894827407,-15.40594080651723,0.39941761636999723,2.389198403593754,-17.975031565289953,-2.109348977806408,0.8,0.0,0.0,-5.327422978679237e-05,0.0,0.0,-5.20866341353889e-05
0.7999999999999673,4.617200540317255,-0.05713863261596212,0.08975989450616395,5.400114173326937,-0.15171202230096253,0.19526844255343484,5.405772783546712,-1.6092572191932006,-4.065106799995419,2.6153094581472374,-18.81759453318797,-2.919386918628202,-8.34143159730061,-13.156876991151192,0.1920288026842078,2.608550145799157,-18.46814557197795,-2.8945871253992794,0.8,0.0,0.0,-5.707765369966893e-05,0.0,0.0,-5.775783022408693e-05
0.8499999999999618,4.885754461634456,-0.06530975974168644,0.10022622355685384,5.3427259978411445,-0.1756950622849128,0.22105636342841542,5.350182778067601,-1.8834877888945583,-5.484611394027757,2.7846078301811144,-18.862376197228546,-3.4987227728031933,4.748080365844283,-8.47806208971011,0.4427503128182631,2.776007696827919,-18.402863717510026,-3.4667223467238277,0.8,0.0,0.0,-5.880653007145985e-05,0.0,0.0,-6.082007571744664e-05
0.8999999999999563,5.151493948533872,-0.07477315560736997,0.11159785165556665,5.288191154059703,-0.20280842387241954,0.23055322534622408,5.2970984254010665,-2.1962849747160846,-6.255943716431213,2.8933577548211673,-18.416458053920913,-3.7867487039729566,11.018289125168776,-3.39343140028736,0.9214040353145898,2.885299855191551,-17.97355430124389,-3.755950138268181,0.8,0.0,0.0,-5.7278489819343204e-05,0.0,0.0,-5.970163577028405e-05
0.9499999999999508,5.414644194190308,-0.08560229546744627,0.12296914018511447,5.239360422432058,-0.22984491262356885,0.22153109953510938,5.249076332848247,-2.511891567197391,-6.312131849626832,2.96013427554001,-17.870432903457846,-3.8301595988295216,9.794286168224506,0.4150796727947872,1.3299690202716792,2.9534881643727995,-17.493443621230032,-3.8045630758672484,0.8,0.0,0.0,-5.4326638581481755e-05,0.0,0.0,-5.631027067378461e-05
0.9999999999999453,5.675511765806775,-0.09773038967200177,0.13350571732107086,5.196764870245516,-0.254516151152696,0.1983400048473152,5.2067727380152,-2.8038710347375146,-5.839589350803113,3.0081785168811934,-17.489727778653332,-3.737253580668094,5.522899290889588,2.115986447537561,1.5000100019990477,3.0026759970042,-17.16346837387829,-3.7175436922559904,0.8,0.0,0.0,-5.239604894596955e-05,0.0,0.0,-5.345594501628326e-05
1.0499999999999399,5.934391849435998,-0.11100894887533094,0.14266149161929875,5.159625909433391,-0.27583951447720373,0.16741334786276074,5.169705426045664,-3.06018482507603,-5.126275806770861,3.053601051700553,-17.315863452643242,-3.623999011137729,1.9884031029980231,1.7002056972235131,1.3834967170630332,3.0487476890488647,-17.010416774999687,-3.6095702167063104,0.8,0.0,0.0,-5.2070921624036664e-05,0.0,0.0,-5.212076716315941e-05
1.0999999999999344,6.191529030119908,-0.12527098851887877,0.15019099205787256,5.126822850406775,-0.2939965873620969,0.1340080199730267,5.136993739751947,-3.2820201196272247,-4.436705891024382,3.104516964525708,-17.264268763793694,-3.5834496991400417,0.518999759143653,-0.2988317763774087,1.0123929922428108,3.0999590237113295,-16.960890376662412,-3.573124941036101,0.8,0.0,0.0,-5.2689158549934286e-05,0.0,0.0,-5.1928051270216806e-05
1.1499999999999289,6.447114628128313,-0.14038055980528463,0.15605563759429167,5.0973944491174805,-0.3099719085293165,0.10112961461214652,5.107811659891407,-3.479863963447413,-3.9568768764041957,3.1631408208872327,-17.232098550613063,-3.6718861258488156,0.8044630864088131,-3.0973848793209355,0.4735441102113822,3.158639437702681,-16.923650895074793,-3.6639484742972575,0.8,0.0,0.0,-5.3484395311185226e-05,0.0,0.0,-5.2259885435043064e-05
1.1999999999999234,6.7013000531226705,-0.15626255136746126,0.16031422195348774,5.070714192440852,-0.32514214633203653,0.06978729447265067,5.081607039432733,-3.668872457559832,-3.780169882248803,3.227159511795123,-17.150334418772175,-3.9052268637918077,2.051453765456831,-5.894803050053823,-0.12366135844937334,3.222476500035313,-16.832691579261926,-3.8974697210221296,0.8,0.0,0.0,-5.405317219339719e-05,0.0,0.0,-5.274643684947345e-05
1.2499999999999178,6.954214386267447,-0.17291223645155238,0.16303993401368116,5.046507823799087,-0.34088528728956063,0.03967895615235043,5.058163541673719,-3.864387809916113,-3.9103070471260453,3.2906854994772763,-16.98778071207039,-4.263294493228796,3.6802579628198733,-8.050411225380477,-0.6793446767175267,3.2855656680402854,-16.654783848786348,-4.253412063491188,0.8,0.0,0.0,-5.4343168506818136e-05,0.0,0.0,-5.32789621182089e-05
1.2999999999999123,7.205981006189683,-0.190386906195153,0.16427149798987742,5.02480820594194,-0.3582628351367225,0.009827209800379176,5.037573457488647,-4.078219551340412,-4.276634828486465,3.346010311805572,-16.735770776997423,-4.7012094625008105,5.30316821211931,-9.255535870661172,-1.1265930625316605,3.3402631507566296,-16.38089000183151,-4.687121584628648,0.8,0.0,0.0,-5.4513105295054364e-05,3.0,0.020863543688526498,0.0067756663907734506
1.3499999999999068,7.456730945017863,-0.20878445355180392,0.16399329758482287,5.005864854997363,-0.3778289873466606,-0.020874889206455256,5.020146755940163,-4.31634466247678,-4.7625022227278775,3.387422083867668,-16.407123123958826,-5.168068330200817,6.9113113606193,-9.397989550608305,-1.4019842216194551,3.3810014052130652,-16.023600896134983,-5.148705763650569,0.8,0.0,0.0,-5.4876513295862474e-05,3.0,0.23049606974952397,0.17540898027410914
1.3999999999999013,7.706610875293751,-0.22821805759770078,0.1621361661531852,4.990051185392326,-0.3996520974748235,-0.05350063162538886,5.006315506381484,-4.579032478787423,-5.253756326213433,3.4095145755224197,-15.981247785895164,-5.609564832725427,9.065657268643859,-8.6253989992449,-1.5382564920885882,3.402799360668076,-15.579106274790453,-5.586503206902659,0.8,0.0,0.0,-5.485604323344246e-05,3.0,0.5594559511220174,0.48726500510400106
1.4499999999998958,7.955783684737701,-0.2487942837319291,0.1585932237926599,4.9770018491338375,-0.4234358669011434,-0.08677711051847191,4.9957357422675885,-4.862928517567787,-5.677920775607904,3.4843327550399277,-16.394671477291585,-5.592507957849831,-49.26891676969325,15.438217239099735,2.6227886565736935,3.4609591098381625,-15.682819630071464,-6.064484073802346,0.8,0.0,0.0,-1.6619366061369403e-05,0.0,0.8179588773213983,0.7752708726866758
1.4999999999998903,8.204244593897707,-0.2705975949817248,0.1538188181854335,4.961364866793709,-0.44861696381445854,-0.10216836526228729,4.98265359989408,-5.1667531206307205,-6.076492061259345,3.4576981348801,-17.78397750238736,-6.606074544952029,-5.223368339746672,-28.785365189903697,-6.522808885809024,3.4001631895059954,-16.271034701639305,-6.304096159641273,0.8,0.0,0.0,-6.638381208692272e-05,0.0,0.887007678700482,0.8818174897493426
1.5499999999998848,8.451951028184395,-0.29367289030089,0.148335879751818,4.947965238724527,-0.47401199516263837,-0.11945498304910515,4.9720535866138444,-5.4722004355886185,-6.108946299158618,3.4019057145068508,-16.98518572523579,-6.507618542889728,34.40126719719581,3.947771310112544,-0.33913505150152784,3.411568093338787,-15.566367769726579,-6.574228233338661,0.8,0.0,0.0,-6.635456038039327e-05,0.0,0.8517580671304698,0.8642239792945294
1.5999999999998793,8.699166606227,-0.31799645079430094,0.14153604299228478,4.941999548722105,-0.4985209823684796,-0.1550431834328541,4.969499079199041,-5.760189278244606,-5.75977685312038,3.3709163734898246,-15.267589825401037,-6.724704873182736,30.047505298955635,-6.639666949654355,-1.4626153354944682,3.36441451709318,-14.383762083357821,-6.704267605838514,0.8,0.0,0.0,-6.0540928163328333e-05,0.0,0.765630269855705,0.7850747314913757
1.6499999999998738,8.946271114891305,-0.34352299873237213,0.1325930207939829,4.943362025780726,-0.5221942784810772,-0.20400995024918153,4.975051260259533,-6.030102216496237,-5.398258765033231,3.3335878285896023,-13.681955580000755,-6.877367154715576,29.62483832384053,-4.042480362967241,-1.004281876540472,3.3283843052175457,-13.302036748416892,-6.853852619681885,0.8,0.0,0.0,-5.509311652005018e-05,0.0,0.6601851435771473,0.6827361769670269
1.6999999999998683,9.193609230220304,-0.3702194556775524,0.12099262441784461,4.950886142995012,-0.545394864721138,-0.2597180745264426,4.987602894938604,-6.286416055237675,-5.12627677482932,3.302820686830768,-12.583403425912898,-7.0476551489862125,13.07398651388605,-4.833676414378066,-1.1030385838216747,3.3017829289959706,-12.520616063991326,-7.043432599166948,0.8,0.0,0.0,-4.84635332656504e-05,3.0,0.5589350900682803,0.5761702505630132
1.7499999999998628,9.441418183243927,-0.3980753682724354,0.10667012404928106,4.961652712339177,-0.5686704115699036,-0.3110078034260246,5.003809501634697,-6.538317194682673,-5.038022788900518,3.285136277043917,-12.348482713963252,-7.280523298232217,-11.269015141798846,-0.6718728131819898,1.0889937706166963,3.2827622248003,-12.307439887320403,-7.288386128033872,0.8,0.0,0.0,-4.546840170085688e-05,3.0,0.6347021280836618,0.6038414110960499
1.7999999999998573,9.68974039598604,-0.4271117312946321,0.09025222699875811,4.970115679780263,-0.5926872289862658,-0.3389848569555129,5.0167956660647635,-6.800418455408855,-5.242025214524213,3.286516956252135,-14.597674635639043,-7.433495369986194,-65.46102655201265,-5.824277988605679,-2.8421482266824065,3.2956616953417117,-13.644675687553645,-7.634346359300013,0.8,0.0,0.0,-3.7327660099620916e-05,3.0,0.8624885898017349,0.805712407556772
1.8499999999998518,9.938287746378316,-0.4573705692066467,0.0734799710904829,4.970244132008485,-0.6174331646456473,-0.32611419175701206,5.01905378638588,-7.081343177701026,-5.618494445844047,3.290748736355868,-18.126524539787695,-7.923981694914708,-53.16007987602951,-5.901365657765534,-2.2980388081169845,3.261283580433478,-15.426410553292623,-7.878732286215668,0.8,0.0,0.0,-5.98296685615571e-05,0.0,1.0948809375976924,1.0583729535842061
1.8999999999998463,10.186668002964142,-0.4888476611669194,0.05786584279364754,4.964773524723591,-0.6410329490886918,-0.2997478039498074,5.014952456363508,-7.357112989631764,-5.51539623861536,3.2539448978672625,-18.919206075432676,-8.180295738215413,11.629124414371862,-2.169091697010402,-1.9024060705692882,3.194410069036633,-15.53979507995619,-7.998656400200602,0.8,0.0,0.0,-8.517890566285307e-05,0.0,1.1405021672019255,1.1383848091080704
1.9499999999998407,10.434798301695634,-0.521443640670704,0.043236846626797894,4.961355106304148,-0.6622358962663563,-0.28962992845704927,5.013729786158403,-7.602834187856313,-4.914423964491537,3.1633146128743226,-17.54115615536743,-8.271340076142165,37.92777061315663,-4.669099479933245,-2.3921405839201455,3.124118496412907,-14.59225448250302,-8.154970927486065,0.8,0.0,0.0,-8.03432030644147e-05,0.0,1.0729600612034829,1.0887643532787632
1.9999999999998352,10.682921139067998,-0.5550591130311439,0.02845348914889356,4.964805427677032,-0.6821201462500034,-0.3056554921329811,5.020757523370602,-7.822953448311151,-4.402385209097239,3.075684553513464,-15.478513754244378,-8.462888022410601,41.39776247353912,-7.590917166336135,-2.52121479015868,3.060889110070911,-13.395042356816056,-8.42357349675394,0.8,0.0,0.0,-6.950790346748965e-05,0.0,0.952553587365558,0.9769584841109259
2.049999999999852,10.931404530653765,-0.5896756150987359,0.012328013099398811,4.975527065333507,-0.702582961886292,-0.3414109854980532,5.0364723623998895,-8.037467633035472,-4.290283694484997,3.013990203579717,-13.53558826822605,-8.816068523635742,34.71178947234284,-10.302439947511232,-2.329280691267779,3.009703481168241,-12.332493841293719,-8.803941020892584,0.8,0.0,0.0,-6.046215788170157e-05,0.0,0.8145432198399518,0.8419733587199794
2.0999999999998686,11.180574280542531,-0.6253644111758266,-0.005858711974087617,4.991862022162754,-0.7251931292952628,-0.3862997136204299,5.059033404893775,-8.26582271415975,-4.567101622484018,2.9776098315375044,-11.986698896810665,-9.28535101224836,26.934304480135147,-10.225477066521643,-2.030460148839875,2.970917550392496,-11.506230807318435,-9.246752766887706,0.8,0.0,0.0,-5.436226048428809e-05,0.0,0.6784856564884008,0.705735281536578
2.1499999999998853,11.430655002603855,-0.6622564979114218,-0.026315014978797988,5.011269383642352,-0.7507478013199729,-0.43009717562677857,5.085413127475496,-8.52022528864336,-5.088051489670512,2.9641069300537417,-11.377779246320854,-9.688697604403899,-15.03632343375338,-7.046310574690227,-1.264912522441097,2.9574886351174077,-11.214849542770477,-9.713360910823635,0.8,0.0,0.0,-4.1341436826364675e-05,3.0,0.6472059809980153,0.6333590568297262
2.199999999999902,11.681653038597453,-0.7005024829061044,-0.04847885084056076,5.027380986167052,-0.7792310357742354,-0.45004764068424347,5.10727945838812,-8.810588114112187,-5.807256509374609,2.9460027527246213,-13.225996922631726,-10.007624493227937,-55.46933843661574,-1.0827713447731946,-1.3151535385094886,2.9542801904387828,-12.451972191577955,-10.104098236290172,0.8,0.0,0.0,-3.8363789315434484e-05,3.0,0.8160180695544414,0.76884919425411
2.2499999999999187,11.933246023728868,-0.7402134618732211,-0.07062236583817294,5.034634170975098,-0.808781712903655,-0.42995668755712513,5.117277777085447,-9.12622791989339,-6.312796115621921,2.9227454466374607,-16.229399295761,-10.19030607168215,-41.75001014305812,-2.5192448710893522,-1.7106717336917037,2.9154013531209753,-14.126908381812235,-10.223889263546171,0.8,0.0,0.0,-5.9135244236292386e-05,0.0,1.0077395375449616,0.9796136712262838
2.2999999999999354,12.18500990861926,-0.781345822406066,-0.09120779636405203,5.035466121203662,-0.8354445086249263,-0.39424215654926287,5.119503243751488,-9.420249286347588,-5.880427329082001,2.865611848730051,-16.713075333339543,-10.177332766393096,14.12987066824457,2.694104492701938,-0.6973558234566779,2.8374794913460257,-14.184729020899448,-10.08850301091313,0.8,0.0,0.0,-8.030331677260056e-05,0.0,1.0341926460547024,1.0354307997746843
2.349999999999952,12.436808214360493,-0.8236831276736786,-0.11028580318098198,5.037119508689844,-0.8570447462556068,-0.37324019758632815,5.123124719055982,-9.656164399875836,-4.718302270563392,2.7898459208336006,-15.346837974178841,-10.07231949156645,36.019700940293305,-1.56720217913133,-1.202874353037352,2.7725859521635505,-13.225237875061875,-10.014774443227862,0.8,0.0,0.0,-7.620981232385963e-05,0.0,0.9652679459041212,0.9816805119414813
2.399999999999969,12.688816162206448,-0.8670025467467217,-0.128972249654304,5.044158670188427,-0.8752272405516444,-0.378365173657988,5.1334900036211195,-9.843559056082979,-3.7478931241415965,2.734476902574266,-13.423157946764725,-10.177850547629367,38.28616016625836,-6.4939972495737,-1.5346336594206431,2.727066922317591,-12.00969747784791,-10.145743127657635,0.8,0.0,0.0,-6.675653228425611e-05,0.0,0.8527450043550734,0.8762927411037176
2.4499999999999855,12.941328821516832,-0.9112091849210983,-0.14848329689908588,5.057124989880434,-0.8930564039560369,-0.40453328917651943,5.1512823729603525,-10.014820305103672,-3.4252249804127235,2.7092169881999477,-11.647885370724069,-10.56277583704262,31.697263797513276,-10.369863682396828,-1.8236520818874382,2.6960775977689604,-10.933771775782077,-10.490668344918497,0.8,0.0,0.0,-5.85875283142084e-05,0.0,0.7267590487418422,0.7526196669437462
2.500000000000002,13.194606501592297,-0.9563588507652913,-0.1696068680389596,5.074026803275564,-0.9133126894186391,-0.4396674431670808,5.174282126980807,-10.203840992078462,-3.7804137394945307,2.70011865565583,-11.006217545919442,-10.942102083960293,-18.296959027853838,-7.264386194281122,-1.299754896334491,2.7011448373265603,-10.590583950076015,-11.017892952235867,0.8,0.0,0.0,-4.1274036990701685e-05,3.0,0.7139078402020878,0.6960703886339636
2.550000000000019,13.448691136457157,-1.0026186810924926,-0.19210654416709363,5.088160391363325,-0.9374708941025153,-0.45414518695826567,5.193695764709877,-10.439416017540758,-4.711500509244367,2.6928424914796465,-13.14579634116714,-11.316386064280088,-62.402536390470594,-0.9124712105486642,-0.5707678153073046,2.703169473715189,-11.985118755815092,-11.488233531168577,0.8,0.0,0.0,-3.8771183830693484e-05,3.0,0.8888828036826424,0.8404608086595216
2.6000000000000356,13.703274311476907,-1.050155798252473,-0.2143048069560012,5.093271978668777,-0.963726460382308,-0.42708159876879026,5.2012101314156185,-10.714583377191776,-5.503347193018511,2.7950465874179247,-16.89719659724308,-10.984708826302018,-84.19344703859208,23.755399999774635,8.764063901319128,2.7020556799550195,-14.159799280886165,-11.69871639537699,0.8,0.0,0.0,-4.8143161816980425e-05,3.0,1.1474532935603223,1.0838986420381647
2.6500000000000523,13.957830251445444,-1.0989521022742164,-0.23427704682657546,5.087415646180021,-0.9869904335978282,-0.3703023188831804,5.195485721314339,-10.979346862702656,-5.295269710215814,2.961660223611678,-20.15372686789842,-9.874133382998206,-28.03328444559465,11.792487777565835,2.385719985885995,2.6657667656295914,-15.805218207269338,-11.534767222839072,0.8,0.0,0.0,-8.3683152634179e-05,0.0,1.2954997110609638,1.2752930443940391
2.700000000000069,14.211922496519644,-1.1487516245760567,-0.25140889104465397,5.076236418666858,-1.0035650801893523,-0.3184485785643148,5.184277051389598,-11.18309027602437,-4.074868266432917,2.6535901836264784,-20.375920685103655,-10.500902517733774,9.395203636411129,-35.6105895717009,-21.539575727169,2.5035619375642693,-15.814460051969602,-10.953026864971706,0.8,0.0,0.0,-9.78742262182355e-05,0.0,1.2683139857338515,1.2759421996667857
2.7500000000000857,14.465493784418848,-1.199197560634349,-0.26646043515710677,5.067619174531821,-1.0130098578197302,-0.28803445339900785,5.175897691847027,-11.30434471651994,-2.42508880991064,2.3225317033553696,-18.84572621281718,-11.700826992158891,41.795964467688705,2.9232264294215944,2.586876135617396,2.355971208469449,-15.221287375990608,-10.676572262607332,0.8,0.0,0.0,-8.211015352557639e-05,0.0,1.153090631337594,1.1753170073671753
2.8000000000001024,14.71878017923051,-1.2499893238307351,-0.2806270005830644,5.065041479838101,-1.0186914098340378,-0.28260189502866667,5.174189908770646,-11.371733939915016,-1.3477844679010529,2.4950359796067665,-16.575241029116402,-10.703647741070444,48.777990598456654,2.0443946317933968,3.5823647002585273,2.436959509225183,-14.222496671644022,-11.272167774030452,0.8,0.0,0.0,-7.260537486212986e-05,0.0,1.001742925944319,1.029819615439371
2.850000000000119,14.972086222015331,-1.301128546931539,-0.29502018870417457,5.067410309590495,-1.0277046137838257,-0.29367481786590804,5.178906150683286,-11.464474054955367,-1.8548023008064067,2.4770902924631573,-15.447651498324978,-11.536078789244106,-16.25149017311847,-22.915971590176227,-5.8832536816079015,2.455143528073612,-13.887934434359055,-11.981971661332844,0.8,0.0,0.0,-5.283239834199287e-05,3.0,0.9227922526448125,0.9158721525606293
2.900000000000136,15.2254475725843,-1.3528777106890986,-0.3097141343550286,5.065617171749348,-1.0432035642531294,-0.28928993400319497,5.18000382944915,-11.636698029037388,-3.4444794816392688,2.50483516445127,-17.578019519429485,-12.339262584976384,-61.60770024220147,-1.4169546924647676,0.9653913706228717,2.4898982480480694,-15.393433454571957,-12.70435896046398,0.8,0.0,0.0,-4.268000936868482e-05,3.0,1.0423151486540476,1.001948287443004
2.9500000000001525,15.47846807795818,-1.4055285677474108,-0.3234424548514148,5.053335720163924,-1.0628370741461504,-0.2553252597955941,5.170204593162042,-11.877550021699468,-4.817039853239965,2.715404361894914,-21.221190374710453,-11.616251577538922,-80.74384273468905,37.396797331119615,16.56647553949017,2.55314175410148,-17.614705333412108,-13.160857654400642,0.8,0.0,0.0,-5.059441151559493e-05,3.0,1.260093617302665,1.2012784700227623
3.000000000000169,15.730556745635841,-1.4591292295634772,-0.3347695117114002,5.028271742181896,-1.080089995804546,-0.19499598906214238,5.1466624668820415,-12.123114484519727,-4.911289256403535,3.058207998463702,-25.356440318665364,-9.05187779761917,-55.47343705125097,53.11832410964061,24.886429810536455,2.5880028033083877,-19.78000660961651,-13.167316450251745,0.8,0.0,0.0,-7.298164905122814e-05,0.0,1.4522196979982673,1.4169701643220107
3.050000000000186,15.981114054961775,-1.513435065501203,-0.3428993889846676,4.9937181612809605,-1.090858458090737,-0.1336038748438962,5.113222393488151,-12.322471392252616,-3.987138154656473,2.985961524981769,-26.016159296673234,-8.134049690055548,15.647601295995935,-25.847915989011305,-18.594625800794667,2.4647745835067756,-20.036695550896738,-12.430841980167514,0.8,0.0,0.0,-0.00011278339443541404,0.0,1.447167546990493,1.4495704524454165
3.1000000000002026,16.229951183979,-1.568103248279663,-0.3485305863084223,4.96118409713803,-1.0949510512804255,-0.09663523115732163,5.081496218467178,-12.445863534878653,-2.467842852519909,2.27142869805377,-24.87377752150191,-11.74177949482988,21.776514878840864,-95.4170397706718,-65.04800850805353,2.1859999145961724,-19.37599330221132,-11.373369487792539,0.8,0.0,0.0,-0.00010234937290080506,0.0,1.3290633792387787,1.351975808913505
3.1500000000002193,16.4773871022381,-1.622855985917771,-0.35295461336240375,4.937800190464969,-1.0944418034641163,-0.08384269137849346,5.058330078101197,-12.497321878439747,-1.0291668712215236,1.7978669032505352,-22.562636457971873,-15.402436089773447,12.602568329908433,-33.990131682967196,-11.465785661436723,2.025563760101395,-18.916263272666864,-11.19725471872494,0.8,0.0,0.0,-6.971153318071708e-05,3.0,1.2095859137715308,1.2120078322088192
3.200000000000236,16.72373452803268,-1.6775394657039606,-0.3569948373797565,4.9156520891976365,-1.0932538286298608,-0.07715577988245653,5.036347129638326,-12.538656129460083,-0.8266850204064446,2.37614923336697,-23.661522981537516,-13.712590143530894,-46.444533940909274,102.77174758737836,56.63251918075266,2.355532939170576,-19.510934552398478,-12.510135611159239,0.8,0.0,0.0,-2.925037892895596e-05,3.0,1.2736608968915701,1.2371458624510083
3.2500000000002527,16.96888579185606,-1.7322162650671586,-0.36043255505990013,4.889978630437692,-1.0941593066755166,-0.05745256387408607,5.011225039011682,-12.612493264869912,-1.4767427081960955,2.8242805649895995,-25.435860795182794,-7.199795110849653,-32.21183790037523,131.31115095787933,23.536985639582905,2.956448889701436,-20.93282701492551,-14.258803142112699,0.8,0.0,0.0,-5.796760799764442e-05,3.0,1.444430948426908,1.3846387879734872
3.3000000000002694,17.21257063550266,-1.7869762684074364,-0.3624171376181773,4.855833934510278,-1.0964062651244972,-0.02028818022961539,4.978116260997009,-12.723543243602027,-2.220999574641556,-0.9794993784009934,-27.13725391300728,-1.1262094516436958,-21.64094890074091,62.4997039834986,-57.47815902706761,3.4915383298933387,-22.5702366125169,-15.132028862776362,0.8,0.0,0.0,-8.168896375033836e-05,0.0,1.6286854855223052,1.5834072011284952
3.350000000000286,17.454265637292924,-1.8418761001598847,-0.36253411520143586,4.811475523062771,-1.099606129551544,0.011773257886482542,4.935541404828933,-12.87319418890088,-2.993018905976081,-1.510616692729737,-27.939152095604133,-2.1556612366921764,-31.382622007349084,-97.43759273495638,26.97049251728934,3.457250340641447,-22.78686134112582,-14.351731533807566,0.8,0.0,0.0,-0.00011555335281756844,0.0,1.6249490970479314,1.6260880854729638
3.400000000000303,17.693704574935527,-1.8969622675568534,-0.36158708985204135,4.767735854954776,-1.104871531487871,0.023748460115412096,4.894140401855219,-13.047373451475432,-3.4835852514898593,4.713937400209541,-30.998824041330163,-10.258106939643836,-57.87657607456192,-131.31903724952605,-40.77872946965818,2.9080185536651073,-23.294347461843746,-12.60946291385257,0.8,0.0,0.0,-8.935436903335593e-05,0.0,1.493332915902471,1.523332370955671
3.4500000000003195,17.931083130499747,-1.9524575923193925,-0.360407996623743,4.729347841032155,-1.1142445004212238,0.020008003887324346,4.85887560330721,-13.257241654983584,-4.197364070161631,2.419781933083841,-30.677496582847144,-15.818881090991626,53.64080171498992,-109.99377693127647,26.697763336384103,2.9748362976048033,-23.790853754078835,-11.430012720357222,0.8,0.0,0.0,-0.00011487303811711948,0.0,1.3063904811620732,1.3469631856311037
3.500000000000336,18.166816241051183,-2.008291984079306,-0.3599807035522618,4.702621124873037,-1.1184733553645139,-0.005878120510626908,4.8338041585342735,-13.37867989738743,-2.428764848076124,2.880293672768842,-25.800481149062467,-19.876816429357216,122.58702114114348,-72.81611893040579,-12.280493798769205,3.084394921212071,-22.471451519754087,-11.714643032624139,0.8,0.0,0.0,-9.607520579963088e-05,3.0,1.1967445634774057,1.2029199956624503
3.550000000000353,18.4014967402562,-2.064462137003417,-0.3609897139491712,4.683599166969667,-1.1294817680660023,-0.033041229140483665,4.817979031093387,-13.558386550464558,-3.5941330615413625,5.033371960796508,-25.40987955617461,-20.87125256000677,-40.39782703812617,74.56799070207397,56.53999347339837,4.036595290525322,-21.23747348549174,-13.829018324154216,0.8,0.0,0.0,3.684195271332644e-06,3.0,1.2810192247851424,1.245569650466042
3.6000000000003696,18.63501118294538,-2.1212754286014928,-0.3630191857616398,4.656172421008231,-1.1427318335011496,-0.042497275671070346,4.7945368572880955,-13.789162510565472,-4.615519202016736,5.105789798694232,-28.186878084044803,-12.827257684601461,-23.076533597886275,199.12095766278074,39.94871021407019,5.293136568008512,-23.132606935191905,-17.077670281847507,0.8,0.0,0.0,-3.5902052586177555e-05,3.0,1.4616005361748738,1.4011530795861264
3.6500000000003863,18.866951868016468,-2.1787718219525654,-0.3646129435279853,4.619792739769532,-1.157835406194251,-0.01665126325534544,4.762703544294174,-14.069940166924841,-5.61555312718549,-1.1682299515439598,-28.722098322743697,-2.3666238754773268,10.546379729458062,130.49916979420686,-102.27053378957045,6.533619248237788,-24.559115421482154,-19.503995735148486,0.8,0.0,0.0,-8.180240618495584e-05,3.0,1.6773465502362832,1.6088446132440342
3.700000000000403,19.09672162910311,-2.2372238571464576,-0.3644614144522213,4.569096519803401,-1.1814836477104387,0.021215195464556302,4.719427581985481,-14.498059949438291,-8.562395650266163,-6.502862361724881,-28.809064829202764,-0.4802855747446795,-36.91659021057655,-70.86539349163412,-50.20007232826343,7.048283741384283,-24.23073433072271,-19.507858072669364,0.8,0.0,0.0,-0.00011013516921209354,3.0,1.8939755076432483,1.834366813081556
3.7500000000004197,19.323688714300104,-2.2970467168125097,-0.36270398692651556,4.509672347021333,-1.2123210184429882,0.046882541440338286,4.670017655420528,-15.046907324977298,-10.976947510776462,-2.8881632159624147,-34.31546546900884,-7.054254384945117,-159.13576150187518,-130.4390279774983,54.227321882602894,6.8704145774003775,-25.17756972416245,-17.773645675091284,0.8,0.0,0.0,-8.242762535431433e-05,3.0,2.0937690973501204,2.0398571883172516
3.8000000000004364,19.547609970243677,-2.3585764289399473,-0.35989998892798714,4.447110190566993,-1.248336401590586,0.06210650436121582,4.6194144690063155,-15.679819935188764,-12.65825220422509,3.995029048843203,-42.23486684524116,-12.821722343715637,-118.34810816178197,-45.302033414529724,91.27644864782214,6.829539665371488,-26.721833734542404,-15.482918079051299,0.8,0.0,0.0,-8.702798677313753e-05,0.0,2.1821491475661077,2.1727779278893022
3.850000000000453,19.768357035843916,-2.42174304963833,-0.35702932165650797,4.384766428243093,-1.276041176923363,0.04614012955193114,4.566901206179823,-16.225889103046665,-10.921383357154404,9.47652432515832,-44.30003561707074,-15.80148317473674,50.59897735754954,-8.383803459955235,-2.0446779362484375,6.9293294377794235,-27.10003529673904,-13.378710086252863,0.8,0.0,0.0,-0.0001232913434101561,0.0,2.0574139639191484,2.0900543862744967
3.9000000000004698,19.98635503508304,-2.485928316388484,-0.35611327430054107,4.34138769532083,-1.2903784073867104,-0.01622025266062738,4.529126477802242,-16.55337995021598,-6.549816943384093,7.7077522280288475,-36.76025067336328,-17.845560646345533,159.36125966548244,-148.15723495749114,-87.66322962659423,7.506953135788928,-25.545089656135424,-12.577378274093709,0.8,0.0,0.0,-0.0001478165918782219,3.0,1.8632708268317795,1.8845765219748327
3.9500000000004865,20.203016378622355,-2.5509553247317713,-0.35895009054142657,4.327420178040823,-1.3122658547658161,-0.09636897983083348,4.523040354802593,-16.869632279698536,-6.325046589648952,9.913087077483441,-32.454437593345475,-28.107100284506604,-15.118152547596134,-148.20852045058203,-51.165318808192694,8.323053115907248,-24.319605099615195,-13.587768722508729,0.8,0.0,0.0,-5.940652913133245e-05,3.0,1.8282114443177093,1.8211153745320512
4.000000000000503,20.419042564676648,-2.6172585202917036,-0.3656132507324703,4.311968969897164,-1.3408196959501553,-0.165471008169833,4.518656272493916,-17.273238461593017,-8.072123637887072,11.590336084584804,-33.91262159161228,-32.40647417889359,-56.052651566381904,20.504902857243803,43.096762984503066,9.670854363838368,-25.667833869202248,-17.22902376841126,0.8,0.0,0.0,-2.8067438989850565e-05,3.0,1.9036877365105915,1.8748109124497567
4.050000000000475,20.634047263070904,-2.685190246723383,-0.3750660072634034,4.288057222566035,-1.3775830634307735,-0.20767851016503483,4.508691628869335,-17.81015628676533,-10.738356503452218,11.032010650053191,-35.57577293298537,-27.136183916291234,54.31606681750599,121.38700774787672,22.04096243157564,11.652373877640175,-25.272523045943906,-22.04669744976331,0.8,0.0,0.0,-7.168823845757925e-05,3.0,2.030042453614605,1.9895456675289485
4.100000000000447,20.847834929106394,-2.755270969805905,-0.38607425707805193,4.262886933298523,-1.4279751026909997,-0.2310833346967099,4.501634970493188,-18.519737461438925,-14.191623493479716,6.232545737345504,-32.00474714918212,-22.33161740388545,85.67709217970076,-11.291540389588006,-92.56766300870932,13.465966074795057,-23.543773558553855,-26.280524503435615,0.8,0.0,0.0,-0.00010746451570471228,0.0,2.0711843619743453,2.0670314692877523
4.15000000000042,21.060164065211804,-2.828292915862938,-0.3981408514658523,4.228281384356598,-1.4949361060249824,-0.25078934403787545,4.491780573611831,-19.47137584845494,-19.032767740330854,4.101216094767102,-30.214226063081075,-26.456463090809127,-40.59170754399336,-117.08125429461624,-37.337042019015115,14.253238586090939,-23.386638324830887,-29.636781401605237,0.8,0.0,0.0,-7.685812503150051e-05,0.0,1.928776252200356,1.9557648212031515
4.200000000000392,21.27036107103472,-2.9051233959197993,-0.41098243782091315,4.177186838745637,-1.5822409043204544,-0.2614267439798797,4.474451933763788,-20.745758350372068,-25.487650038356694,12.357035688037902,-33.58450509219616,-33.653290950584655,-75.99211630422171,-107.38003018344989,277.55343407309215,14.470187245975962,-23.930010328899204,-31.822430864848187,0.8,0.0,0.0,-9.191440348972025e-05,0.0,1.701524042745986,1.7512572006195173
4.250000000000364,21.47777599558116,-2.9868820965471072,-0.42434115716398463,4.120576368339491,-1.688318089016995,-0.27494950364472165,4.4615204590558974,-22.280316830892506,-30.69116961042578,22.517818827242422,-31.700098528357852,-36.83960882247303,99.141540332589,-47.006543821354356,-3.747121078346071,14.567066184069025,-22.968952020502652,-32.50899408811095,0.8,0.0,0.0,-0.00010510676392552377,3.0,1.4790583637535875,1.5138427823691791
4.300000000000336,21.682420863630743,-3.0740261441951335,-0.43909422275360105,4.068525226470749,-1.797394475399769,-0.3216895313012442,4.459485236344581,-23.83489935018203,-31.09165038580767,14.866433074126359,-23.743846914768444,-38.258125061368915,163.04460078189464,-136.52976548655823,-268.05965145350984,15.016160419838721,-18.69770048230482,-32.19408339682383,0.8,0.0,0.0,-0.00010155356436955713,0.0,1.446266962783042,1.4465838425866524
4.350000000000309,21.8849975052318,-3.16694563639275,-0.45675539951623223,4.03382773387352,-1.9194373174504629,-0.3844588261265749,4.483727733836571,-25.446750630235634,-32.23702560108996,12.039500428309015,-19.445785266075774,-46.63366713191134,-57.21001199776964,-154.44829369808437,72.96697272633982,15.360534376148873,-18.132239530612882,-33.15237285605889,0.8,0.0,0.0,-4.8734780804961056e-05,0.0,1.3689483009255157,1.3894641501049771
4.400000000000281,22.085602170912136,-3.2661359136841606,-0.47754297240754784,3.9902121188052755,-2.0461074622061575,-0.446634199772643,4.506421042064618,-27.147917598491635,-34.02333936513883,15.05251539563198,-20.331502151909223,-47.95113618629282,57.35593372364333,85.59811215353636,-19.926450358018556,15.832489358186812,-17.986195645467316,-34.94943804933109,0.8,0.0,0.0,-3.8035530467018996e-05,0.0,1.2198851413330267,1.253691533405472
4.450000000000253,22.284163982826275,-3.371511746752792,-0.5016766089798962,3.956496010933282,-2.1691769994729895,-0.5197414708974875,4.541951203628711,-28.734068420500446,-31.723016440193838,15.913525604722924,-14.105470703675065,-44.30086833435425,101.35983687908603,-23.473875574472522,82.88938647056754,15.957182707584558,-13.871175011776527,-36.21635237589423,0.8,0.0,0.0,-0.00011194122120672905,3.0,1.17634208489781,1.158656595703312
4.500000000000226,22.48127377599044,-3.4833466981006422,-0.5296044270298903,3.9265684253948057,-2.3026054162204397,-0.5971598048906481,4.590918332391918,-30.388072964948666,-33.08009088898274,18.4546521310267,-14.426017774393975,-42.8447608433533,-5.268689766648379,118.6407080367017,-16.680602181023826,16.49415565155774,-11.666470848050405,-38.51392677379575,0.8,0.0,0.0,3.708517137367899e-06,0.0,1.196004551956503,1.1917600569676512
4.550000000000198,22.67677795428423,-3.601790951768757,-0.5611117049703283,3.8942710207901805,-2.4361317976338683,-0.6575388816497508,4.6403062721861605,-32.0287845665199,-32.81423203144294,16.70354002102782,-14.169001295590498,-36.69662228936316,98.96613545585005,12.330146198038886,75.74890558606444,16.97540484883932,-10.891915334589807,-40.87924949437086,0.8,0.0,0.0,-0.00010652627131028696,0.0,1.1121498254006248,1.133703323221194
4.60000000000017,22.870664521036712,-3.727109019992255,-0.5954843070949964,3.8615566702029107,-2.5756980460835126,-0.7183629858974112,4.697008167045748,-33.703695753180554,-33.498223733231555,17.415279456004264,-11.159605866061415,-39.14444936352372,-3.8392866914010857,-125.28243748214732,-32.74300586607473,16.95353694996906,-8.684444591099334,-41.36564539350835,0.8,0.0,0.0,-7.09749803045966e-05,3.0,1.004442275828405,1.017643059153888
4.6500000000001425,23.06286816886456,-3.8595258885762314,-0.6329299503117491,3.8257692557935505,-2.7210541467187848,-0.775054967727753,4.758293420014165,-35.422099047180915,-34.368065880026315,16.675671831409076,-11.940404017228817,-44.86801827751504,-57.82572435502859,-29.67821876618757,-7.145033476956162,16.973673585114184,-9.60544095084953,-41.95630970716155,0.8,0.0,0.0,-3.8648413930363916e-05,0.0,1.0618810739090356,1.0446326069176826
4.700000000000115,23.253139857199297,-3.999259304311909,-0.6727030377063399,3.7862524545545213,-2.8650646266916495,-0.8148150206386647,4.817491721072106,-37.114864022451606,-33.855299505432484,17.45353756521095,-12.155510579154942,-43.52760969103,76.40897031459227,38.703868723156525,20.614889008236467,17.253326494795743,-9.0507427522743,-42.42351654449578,0.8,0.0,0.0,-8.087482751705751e-05,0.0,1.0600940396081502,1.0685479379457477
4.750000000000087,23.441683332130168,-4.145928710462825,-0.7146023362847581,3.757145598204555,-2.999195495935842,-0.8614129459675209,4.883989038934275,-38.5991204408752,-29.685128368488378,17.485775950692624,-9.61947737117283,-43.66004505566936,9.957574740549743,-24.05260236780525,0.8143166748626014,17.378759051523332,-7.468165225370242,-42.911811635585536,0.8,0.0,0.0,-5.26997821297537e-05,0.0,0.9745643725551147,0.9933320277666475
4.800000000000059,23.628876852919177,-4.299219720236971,-0.7588514726537957,3.7312653504923055,-3.130844830411205,-0.9087674205664626,4.95483488045566,-39.999472409031235,-28.007039363136307,17.56480122137331,-8.175271571010141,-44.68076285871444,26.75640059785166,-32.95790517799843,-0.6259356518120932,17.489951041690862,-6.475848250904485,-44.02568262062391,0.8,0.0,0.0,-6.555583288554065e-05,0.0,0.8527514127962346,0.879419820391184
4.850000000000032,23.81481516622387,-4.459083412794604,-0.8055711866733709,3.706265697556282,-3.262831153791875,-0.9598142944703588,5.030279916556017,-41.359252303311465,-27.19559788561959,17.59180478651428,-6.5661934605047545,-46.04029158238119,15.276628433140255,-37.744542427153704,-0.9607191898150659,17.549402201270816,-5.40011832003839,-45.587869814756054,0.8,0.0,0.0,-6.031779507738232e-05,3.0,0.7251244546677467,0.7495063037249655
4.900000000000004,23.99940794177417,-4.625654359045451,-0.8548106732202693,3.67637643491152,-3.3997893650067423,-1.007902011263843,5.107854528262858,-42.76161142898649,-28.047182513516137,17.601755500311327,-5.765530164473325,-47.78144238934907,-5.120279734263172,-38.60038974133655,-1.4448999915997007,17.5763905280745,-4.802485824846779,-47.54411642012542,0.8,0.0,0.0,-5.402879811061162e-05,0.0,0.7633578186049207,0.7414127301203661
4.949999999999976,24.18225711878338,-4.799256859393067,-0.9061597799483205,3.635950306470741,-3.544038718334114,-1.042814662757129,5.1834165845547515,-44.266592407245376,-30.099619565194327,17.589772715343628,-5.824455894397364,-49.71207836218797,-17.309667942582163,-33.05682636637787,-2.2818607486778464,17.561397476080295,-4.781181535884566,-49.499450128156624,0.8,0.0,0.0,-5.3044050669168353e-05,0.0,0.8085383216556652,0.8068061491700549
4.9999999999999485,24.362778260031998,-4.9802158510076895,-0.9587955322245447,3.5834986657664225,-3.6932870638317694,-1.0592418977759461,5.253934280272338,-45.864383650615906,-31.95582486742833,17.573050174589792,-6.365264340405006,-51.35075071429993,-40.68804588770963,-11.643070239831506,1.4723348730357686,17.52100097508584,-5.06771935636017,-51.15940314199441,0.8,0.0,0.0,-4.972227683461191e-05,3.0,0.9001851601860702,0.8650193827697578
5.049999999999921,24.54035131920408,-5.168689077654733,-1.011593146271712,3.518267163075851,-3.8437374586530946,-1.048287880064048,5.3152073300408444,-47.53136752844986,-33.33967755669753,17.99081718441524,-8.097253034794374,-51.5061028222445,-12.03523160396371,7.755235450166573,6.279904210469758,17.53501064428869,-5.874056286794313,-52.56774541405005,0.8,0.0,0.0,-6.089548994381359e-05,0.0,1.0093274048159793,0.995524205816026
5.099999999999893,24.714516616354576,-5.3645174779980085,-1.0634503413124983,3.449378933482761,-3.9859788083926415,-1.0266762969319023,5.37031715137865,-49.127803793731644,-31.928725305653373,17.79676545474235,-8.027695712676234,-52.43012334208651,-3.9053123962166327,-49.32527464903848,-19.05066887919222,17.413755425732944,-5.803619881426714,-53.182738114314525,0.8,0.0,0.0,-7.83407459142666e-05,0.0,0.986213335648232,0.996567245488783
5.149999999999865,24.885306507225998,-5.567176326645341,-1.1143336145228102,3.3830925138291157,-4.117768500508211,-1.0084611160923913,5.423866351927797,-50.5940239517495,-29.324403160373393,17.166782297796495,-7.824317796216086,-54.97355480938062,-4.8106084922891394,-7.199954411795592,0.20083113904632802,17.183338543000396,-5.996617530502924,-53.82408237450151,0.8,0.0,0.0,-6.204867449756708e-05,3.0,0.9824021218421839,0.9691863822369825
5.199999999999838,25.052771675083513,-5.776231371185824,-1.1641695546521402,3.3155674809144466,-4.242263937643991,-0.9826842016634989,5.473158071655806,-51.99037637057627,-27.927048376550836,17.81473465338767,-8.852695137036697,-53.65340874722692,3.6409113347389863,37.06797187274869,19.50465477261273,17.16579155794706,-6.274829034643643,-55.302208121467814,0.8,0.0,0.0,-5.6895491663500315e-05,0.0,1.0547197953893699,1.0427268408287782
5.24999999999981,25.216814561471804,-5.991327621260179,-1.212564548576533,3.2470394137392145,-4.358945505316169,-0.9549526065727867,5.518659742500175,-53.31705915883736,-26.533655765236578,18.086127732341566,-8.531561518588928,-53.23775496871714,5.252108063009942,-33.59786167015912,-10.379473979295728,17.040190938844688,-5.989863071524918,-56.61014241449037,0.8,0.0,0.0,-7.71771265799101e-05,0.0,1.0125056666466699,1.0241885041814203
5.299999999999782,25.37744179158556,-6.212070080187514,-1.2598362595290338,3.177919571163003,-4.4691734843876825,-0.9362109591055019,5.563198306215951,-54.58430155314914,-25.344847886249532,17.15150981901723,-8.456321564102256,-56.72185435912401,-56.74982311430806,-74.70996814874783,-28.453275093862665,16.736088469075014,-6.35801906451003,-57.81666333692374,0.8,0.0,0.0,-6.099153747085258e-05,3.0,0.9888766443175916,0.9778280196858862
5.3499999999997545,25.534345354607463,-6.438303368056027,-1.3058031392139204,3.096527278142388,-4.578773563706293,-0.897767358169914,5.599967389313166,-55.930346024979706,-26.92088943662636,16.648498079237854,-10.734321008010621,-59.58832923532796,-37.224016747125596,-18.186226701477636,-8.563434433035452,16.50718167535879,-8.144389844010727,-59.196810193593535,0.8,0.0,0.0,-5.919236533537271e-05,0.0,1.0565180644173704,1.0502102808344498
5.399999999999727,25.686932270322423,-6.6698764844015095,-1.3493076813954987,3.007635764845149,-4.681362701134289,-0.8418169338831542,5.6275825523682395,-57.280466005840935,-27.002399617239455,16.36057216298912,-11.344874826548613,-60.690558392835484,-5.228578334046044,-21.99208712963643,-9.643732226517804,16.24774317435225,-8.958509738647534,-60.186318627923875,0.8,0.0,0.0,-7.715554484574379e-05,0.0,1.013603047969452,1.0258572416623761
5.449999999999699,25.83507505527375,-6.906312807020379,-1.3899234405609895,2.918885985039443,-4.773597926315,-0.7832840824904524,5.649837741887944,-58.55569180433827,-25.50451596996078,16.043413115700464,-11.188288112378963,-61.722544549085136,-20.127768307479723,-13.986043475400264,-6.491097396039127,15.952486333189421,-9.273547327320324,-61.38708147993751,0.8,0.0,0.0,-6.546181299074806e-05,3.0,0.9711850249213834,0.9610993919140862
5.499999999999671,25.978648154042222,-7.147150067853827,-1.427390083409267,2.8230994353927747,-4.857725296499571,-0.712915528688713,5.663535470835542,-59.83670175972661,-25.62019910778099,16.25475729021416,-12.70015157806817,-61.52587716483469,-13.203340572727509,27.237396707312733,10.153232879829693,15.78092777242802,-10.275487640084542,-63.13851599098086,0.8,0.0,0.0,-5.766505813406272e-05,0.0,1.0411534904916604,1.0279115459842654
5.549999999999644,26.11723032028962,-7.391957633161266,-1.4610740484526643,2.7209226791079493,-4.93200196621031,-0.6362022685139546,5.668581563923081,-61.11503787246964,-25.566722254874918,16.289314894922956,-13.040154161542464,-61.28968190213673,-21.4477376922102,-11.882219184256725,-6.707847979242084,15.555029758783098,-10.549356070021368,-64.54727079725252,0.8,0.0,0.0,-7.18181580225648e-05,3.0,1.050347757593936,1.0328642068044602
5.599999999999616,26.250589694861546,-7.640217064554529,-1.4908998726178915,2.612822911140448,-4.996040295995283,-0.5549008521446239,5.665260555340762,-62.391388840560595,-25.52701936183322,16.332522831981326,-15.179303096976676,-61.65563737261344,-38.593649079356034,21.976746576114547,5.085987034870158,15.365950770160918,-11.826705401775145,-65.9465609124849,0.8,0.0,0.0,-5.6032408556024876e-05,0.0,1.1559935915741792,1.1321453661710155
5.649999999999588,26.378398941312902,-7.891381197234224,-1.5164626806937085,2.501635347142002,-5.047734089757812,-0.47094490640205106,5.653281167237258,-63.637182163196805,-24.915866452737998,16.140145844198027,-15.96055881160933,-61.95703102231802,-8.405053636232578,-37.99604533093771,-22.040170310622884,15.126031393174673,-12.436401649995794,-66.6328260473013,0.8,0.0,0.0,-8.593423643038831e-05,0.0,1.1429179214146739,1.1497090905842564
5.6999999999995605,26.50085406566418,-8.144825251708932,-1.538326396414021,2.3988256497624554,-5.088293871557784,-0.40721242466325364,5.640117106948304,-64.75893142985637,-22.434985333203954,15.071367672922939,-15.985797345015246,-65.96353175783457,-45.36270376567398,-96.99948140740067,-47.21660164319489,14.710990857007971,-13.076149571096577,-66.91632568102307,0.8,0.0,0.0,-7.910128373228158e-05,3.0,1.0727776637095359,1.0801696386227295
5.749999999999533,26.61822965478337,-8.40011774291823,-1.5571494749101853,2.2967379134861967,-5.1215907430960455,-0.34444981459770857,5.623552476663521,-65.84651817862105,-21.751734975305546,14.714643532764109,-17.834469907003452,-68.38370063566893,-31.254966272579612,46.429137256030124,12.706453976682532,14.4792162439259,-14.747904733273126,-67.76817872722319,0.8,0.0,0.0,-4.979339561172379e-05,0.0,1.1382224217157269,1.1165549106514852
5.799999999999505,26.730471985842808,-8.656819753259045,-1.5725468917190728,2.1944743422017225,-5.144430790042034,-0.27172883101837764,5.5995287613977665,-66.89822227716537,-21.034081970897955,15.089745851881169,-18.45772477160661,-65.79016298749674,15.62715129032209,35.91939854726775,14.742671913793835,14.500467773206672,-15.317969730487194,-69.14663531359868,0.8,0.0,0.0,-7.687456795727047e-05,3.0,1.1250981858627636,1.121520750631502
5.849999999999477,26.83765348809458,-8.914410765354503,-1.5843144152114637,2.0929483832383307,-5.157573672112331,-0.19870969771301483,5.569603635998833,-67.91263823466225,-20.28831914994885,15.354881695738056,-19.568940372771632,-64.59635024292628,-43.00572651212131,39.65249973091134,15.513390835865428,14.547679161754758,-16.022436126425326,-70.80011379809382,0.8,0.0,0.0,-5.529045213282933e-05,0.0,1.1972729845847132,1.159066105983149
5.89999999999945,26.93958051750628,-9.172412779779185,-1.5922351010755549,1.984718416712607,-5.160715197276093,-0.11964726272402658,5.530497627565893,-68.96415292942416,-21.030293895249837,15.626148924752636,-21.174539075626857,-63.33369936106265,-5.004967641342846,-4.357492708084095,-4.12442976810461,14.590497589285706,-16.894936566652948,-72.1293291090863,0.8,0.0,0.0,-8.21341959401379e-05,0.0,1.221162725516717,1.218337699501035
5.949999999999422,27.036155829378732,-9.430348506603863,-1.596606345390187,1.8806579420295582,-5.156150865359048,-0.06058154629647733,5.48875542951345,-69.96103045247644,-19.937550461056535,15.04179120045848,-21.009740389822117,-66.83656377805166,-43.90137069267354,-112.8383482740433,-54.82949755040171,14.359664049912716,-17.25719695142795,-72.57873871348563,0.8,0.0,0.0,-8.814070241984127e-05,3.0,1.1370353136069153,1.158815325760138
5.999999999999394,27.1275888988147,-9.687996297237222,-1.5984812514635864,1.7763463498878211,-5.14933361836546,-0.01446469320502401,5.447132483732887,-70.96729330113607,-20.125256973203886,14.597762629262709,-23.559388901079238,-72.39402710162678,-75.39489627349654,-45.220751181512135,-25.318519054511363,14.171048867988887,-19.41770008711486,-73.0516674000616,0.8,0.0,0.0,-5.935181907134784e-05,3.0,1.1538820129675895,1.1372997056779073
6.0499999999993666,27.21369203888283,-9.945167092908822,-1.5980219485461706,1.6701717992771086,-5.136394913966573,0.0310856979600213,5.401202909717415,-71.987329053558,-20.400715048449786,14.399854405693286,-24.492831969507414,-74.40007846326218,-6.722662710656757,-36.31629011762487,-14.569719031737053,14.005497594418951,-20.69626878247663,-73.32340979404206,0.8,0.0,0.0,-9.238999601964889e-05,0.0,1.204269627558102,1.2012483068085533
6.099999999999339,27.29469735415163,-10.201498539247657,-1.5953429370061858,1.5716352808623137,-5.115629712753143,0.07657410276079082,5.352155491693752,-72.9218772146709,-18.690963222268465,14.437361499497104,-25.245960734919183,-74.35491666216326,-17.233263912903862,25.83857346375427,12.563040647451244,14.076018837577893,-21.562871649080947,-74.48833069397918,0.8,0.0,0.0,-6.475555365311996e-05,3.0,1.2104363527556754,1.1868577833456344
6.149999999999311,27.3707966380195,-10.456561549439481,-1.5901640287862935,1.4728980796841666,-5.085585089325775,0.13143034094153636,5.296213589766746,-73.84781283811168,-18.518712468825818,14.742106123386762,-26.317863395099383,-71.93108280279338,15.128919016808075,42.550754259960186,22.982145454974894,14.396970920963836,-22.095893985811877,-76.40171793442383,0.8,0.0,0.0,-7.41922334513365e-05,0.0,1.2442239487395383,1.235591934020138
6.199999999999283,27.441937360364296,-10.709937393366923,-1.5822723044214309,1.373919450720536,-5.049674717955409,0.18016269708557753,5.23634681926698,-74.77936370300606,-18.631017297897962,14.767237030674787,-25.227963389771283,-72.57630035021698,6.621742316582547,-85.58524808331627,-35.05444800381145,14.494830823052517,-21.424699437332198,-78.04304858944306,0.8,0.0,0.0,-9.520916503705889e-05,0.0,1.1635703114863585,1.1842326234445293
6.249999999999256,27.508094906882402,-10.96157420061093,-1.572553901898541,1.2714681696664922,-5.0167557554874564,0.20613281402562272,5.179474911003016,-75.7781719888035,-19.976165715960093,14.778811391604885,-26.128612075440948,-78.65953061649827,-85.02983166491701,-77.05131229246884,-35.56936853630782,14.42083274631421,-22.199756447449097,-79.56653397338123,0.8,0.0,0.0,-5.7436178177758535e-05,0.0,1.0291822646253908,1.059220039024923
6.299999999999228,27.568809679760456,-11.211583496775834,-1.5617060856233647,1.1575780160817215,-4.98333219420129,0.22653903193038608,5.121025927884635,-76.92268518979529,-22.89026401984833,14.93647882578009,-28.177469425155206,-81.11084612128205,1.3854618356008426,-25.64807416012659,-15.977204946720876,14.396336560644835,-23.577195792096724,-80.68016651681437,0.8,0.0,0.0,-8.177768650473575e-05,0.0,0.8778583540226105,0.9095223050652711
6.3499999999992,27.623915290885908,-11.459882272848638,-1.550144783451517,1.0497323048228762,-4.949492594884788,0.23320273551736792,5.064957884766751,-78.02564069779041,-22.05911015991453,14.611451575593273,-26.59894207570767,-83.48565836967556,27.489564137192836,-46.178520349169105,-19.938697865883565,14.142143634914769,-23.357696017352875,-81.32947820833766,0.8,0.0,0.0,-8.954933118735989e-05,0.0,0.7298937407414673,0.7599060512694182
6.399999999999173,27.673888323966974,-11.706567821758103,-1.538617887974137,0.9510348503848702,-4.918962218682693,0.22575544369003925,5.01513929176748,-79.05741612207733,-20.635508485749803,14.536765637681281,-24.477679297829926,-85.10655646265275,36.29254991156463,-37.34869882872697,-8.537893423912346,14.187186143488164,-22.511011771677946,-82.93694309722802,0.8,0.0,0.0,-7.414877241316617e-05,0.0,0.5954680143582076,0.6222705011539802
6.449999999999145,27.7189640630244,-11.95185866514142,-1.5277915969693017,0.8520327151646221,-4.89390359720464,0.20555566345432577,4.971770841181386,-80.12374946461262,-21.326666850717466,14.750640620816009,-22.576192830162288,-86.43227641559345,24.427006649109785,-26.080586441100156,0.5527025130762111,14.517784894622048,-21.303273036573753,-85.35906187504705,0.8,0.0,0.0,-6.135182154420029e-05,0.0,0.47874092125854584,0.5017716997146698
6.499999999999117,27.758880106840362,-12.1960404084968,-1.5182432012647535,0.743546245530147,-4.874261431253754,0.17560479236398233,4.933773663490358,-81.3266554695661,-24.05812009908336,15.02151746716658,-21.438141738830055,-88.2048144609984,-11.714073017484196,-50.09096311366006,-8.529149647137531,14.93151158642312,-20.405669886564812,-87.96087950194847,0.8,0.0,0.0,-5.67699107439191e-05,0.0,0.38044126088471825,0.39974995637982624
6.549999999999089,27.79300984204814,-12.439279280767526,-1.5102352537102515,0.6205019544094248,-4.85494973802861,0.14633374839657823,4.8966287586593475,-82.71662116062018,-27.799313821096774,15.30174518318094,-22.221340666279772,-90.20192216281518,-25.834094680080064,-22.337757394882278,-6.921176098636985,15.209822462522942,-20.744427849038956,-90.0029645286603,0.8,0.0,0.0,-4.9521353969717526e-05,0.0,0.2994734541925664,0.31529225234465175
6.599999999999062,27.820726843493887,-12.681451212130954,-1.5034776220534598,0.48932309491683784,-4.831491793063542,0.12519377222102007,4.857820861071585,-84.21692563721767,-30.006089531966538,15.329089060509517,-22.686131120351398,-91.26138118793195,1.4300294196915353,-13.141548256721933,-5.780581079949702,15.144897625396382,-20.85856710499113,-90.77343145153257,0.8,0.0,0.0,-6.525457814657746e-05,0.0,0.23389019578148013,0.24667946890510103
6.649999999999034,27.841987483766772,-12.922387391582443,-1.497724681866648,0.36441105487154446,-4.8063791940445615,0.10409390624471167,4.821297741809183,-85.66423191576801,-28.946125571022858,15.166650777368513,-21.71285318391441,-91.64832066968188,30.711120277272393,-12.71872516602743,-5.155452681117883,14.927578022458896,-20.067498048983037,-90.90940047298199,0.8,0.0,0.0,-7.211374334921087e-05,0.0,0.18146114278315773,0.1917067122689096
6.699999999999006,27.85734883634138,-13.162142569899038,-1.4932808722096913,0.25335227908699076,-4.785036253151686,0.07135587580204314,4.792269919600312,-86.9692027864238,-26.099417413130315,14.99426315782275,-19.959176064259857,-92.28780477112328,23.57703719498217,-24.567458253777186,-6.134181270921396,14.813607036327115,-18.741113484520028,-91.36596932652351,0.8,0.0,0.0,-6.57203933893995e-05,0.0,0.13998825929675396,0.14814898245771502
6.749999999998979,27.867423340470086,-13.400986542636238,-1.4908680935099468,0.15160856038237386,-4.769937340165514,0.023400043284571626,4.772403476940335,-88.17951334434832,-24.206211158503635,15.023341541286475,-18.823404714842155,-92.87246587661342,18.270142587424512,-21.603090556110505,-5.111050822323456,14.892023883949873,-17.56948995687979,-92.46528818690373,0.8,0.0,0.0,-5.855099420294337e-05,3.0,0.1120677442907656,0.11454359783868324
6.799999999998951,27.87250545383889,-13.639231823286357,-1.49113099681549,0.052435354812050736,-4.7606768370731,-0.03390318558897815,4.761086308761025,-89.36895463591505,-23.78882583134759,15.093900330600757,-18.311570112113433,-94.2120518035625,-7.181961621283179,-19.20142383009119,-5.561643601136004,14.983747330759787,-16.90360077240867,-93.84177442742421,0.8,0.0,0.0,-5.3524656977765075e-05,0.0,0.25062355241747813,0.21189931812688292
6.849999999998923,27.872568189753032,-13.877096526004005,-1.4942569719553358,-0.049299128520885915,-4.754324419196357,-0.09000557017989783,4.755431851020799,-90.59409718771624,-24.50285103603761,15.138865984243816,-18.416359058440523,-95.46416024140746,-9.254567911144758,-22.563942942064976,-6.1901787930568855,15.022512461943528,-16.67908309150034,-95.1132037646147,0.8,0.0,0.0,-5.817658061717573e-05,3.0,0.37229655517202476,0.3500625477455095
6.8999999999988955,27.86751216767295,-14.114694618605059,-1.500103152669765,-0.1517146579038104,-4.75000348788761,-0.14288180942868367,4.754573133713787,-91.82939980458792,-24.706052337447343,15.108877687055818,-18.397778255259936,-96.56625039411192,0.3211859554040375,-20.3424316062896,-6.593670031114085,14.966324206652674,-16.472576863625378,-96.10764610019159,0.8,0.0,0.0,-6.343994549872662e-05,0.0,0.5799573697947049,0.5288160970773421
6.949999999998868,27.85739234599202,-14.352140089150554,-1.508552703859977,-0.25150962780019653,-4.748344686908811,-0.19453577756098997,4.758978727345037,-93.03200107764921,-24.05202546123907,15.030583815856914,-17.87845709350299,-97.61006545433673,6.653141343331538,-24.5382340897924,-7.236203075081206,14.862679228955587,-16.03313460256153,-97.02720326670797,0.8,0.0,0.0,-6.528157803849951e-05,0.0,0.7269949169521828,0.7078321140272974
6.99999999999884,27.84235701079289,-14.589578141015235,-1.519570882004605,-0.3486613350322546,-4.749605967038137,-0.24545858091605482,4.7687075275818795,-94.19846508586187,-23.32928016426601,14.930181269194785,-17.23802156072419,-98.68509695115549,6.393274435054367,-25.214445082309275,-7.2933150806787514,14.78075524441477,-15.514339443548572,-98.14555056772994,0.8,0.0,0.0,-6.296039189033424e-05,3.0,0.8775848028749165,0.8370125497234571
7.049999999998812,27.822472623957804,-14.827131528251337,-1.5330662041931558,-0.4463746076217144,-4.752326264474937,-0.2919874122421727,4.782166022134283,-95.36591203661935,-23.348939015162532,14.926854670561315,-17.504307402609065,-99.45512448525295,-12.387822519648136,6.6367110902601745,4.025180204794794,14.778064133517047,-15.441353264019215,-99.58289503020839,0.8,0.0,0.0,-4.0809742715064616e-05,0.0,0.9939478036538351,0.9795061764388289
7.099999999998785,27.797621319854954,-15.064782012684992,-1.5485944661303785,-0.5468143277216205,-4.753410887981345,-0.3271875380621263,4.795932929477267,-96.5622434526724,-23.92662832107452,14.976601230190662,-17.870960093264504,-99.86298621222564,-26.645706959229223,1.870794062844359,0.8218543149909835,14.70593347451639,-15.38447618423912,-100.78666565699271,0.8,0.0,0.0,-5.513605455544926e-05,3.0,1.071608667038907,1.03953146883208
7.149999999998757,27.767707974472827,-15.302410137586707,-1.5655235203946865,-0.6487901736806354,-4.7508390572272665,-0.34582381442468246,4.807389577282441,-97.77639574493861,-24.283045845337487,15.303639069853844,-19.785803714402213,-98.11142655970671,-20.406470620342894,89.6260309963849,17.706905087992144,14.740211572132221,-15.950527093466366,-101.98666947227636,0.8,0.0,0.0,-4.592076073469755e-05,3.0,1.2632414318203395,1.2028280023931304
7.199999999998729,27.73272641073016,-15.539766272731406,-1.582694809800318,-0.7488416674707769,-4.74261612261134,-0.3367484008297571,4.813166422933538,-98.97271552382622,-23.92639557776556,11.61838863527518,-20.78447848274839,-92.75143606104055,18.769946149330835,69.20876795359523,-100.48756648044593,15.068604955330951,-15.980871298457387,-103.00833468825248,0.8,0.0,0.0,-6.788551245881526e-05,3.0,1.50050831918455,1.4262794701738293
7.2499999999987015,27.692934439574767,-15.776581928081226,-1.5990408592804877,-0.8395872464784947,-4.729239116483671,-0.31774680075419337,4.813685946830986,-100.06689944656819,-21.88367845485135,6.139450455142237,-21.84781421635503,-91.24720286453663,-56.764510595369075,14.292395295575387,-74.44698360597135,15.188356757625312,-16.180809130297863,-103.58289424855195,0.8,0.0,0.0,-6.635639422685175e-05,3.0,1.742330027899908,1.6747913795550282
7.299999999998674,27.648838000528073,-16.012607762091715,-1.6144825062278851,-0.9227488979685025,-4.711600646499703,-0.3015454605389223,4.8105691810398215,-101.0809070386737,-20.280151842121484,4.641603268135866,-24.590448951774043,-89.82807662759026,-40.22332431812444,31.809010081816133,9.928900390547836,15.224173480617454,-16.80707974368672,-103.63134449957386,0.8,0.0,0.0,-8.05268067190466e-05,0.0,1.9602347730670324,1.9043903483243023
7.349999999998646,27.60085473368062,-16.247734323203908,-1.6295451160207584,-0.9923811347388092,-4.694125625957089,-0.3061415656776513,4.807635423686793,-101.93708564454042,-17.12357211734395,5.668769712252484,-26.018286628261862,-89.65689267886738,-32.89224661790106,-19.696889619842633,34.544202722406226,15.260211011930318,-16.98560107915043,-103.013985723465,0.8,0.0,0.0,-9.497315898666712e-05,3.0,1.9793611367810533,1.978180264913455
7.399999999998618,27.549822223691834,-16.48210359448633,-1.6455278191518865,-1.0476672283163961,-4.681749470143182,-0.33491069370854254,4.809215101784746,-102.61366254830746,-13.531538075348223,7.95891537432649,-28.314211460622985,-90.67035713260772,-43.31332144533601,9.29718808040711,28.804684434224438,15.316892658330634,-18.284746013451574,-102.55569494868021,0.8,0.0,0.0,-7.608580296570476e-05,3.0,1.9665050101199977,1.947013541786662
7.449999999998591,27.49609519023487,-16.715983681068455,-1.6632012451240015,-1.1002208352827956,-4.674356222025497,-0.3732123717454316,4.816573413870352,-103.24484404456817,-12.623629925221246,8.404951452893506,-29.509221717217365,-91.09846591982867,-23.74699849823852,-27.924739518716272,-14.70622607335457,15.808048023456072,-19.206324372581584,-102.27378638905404,0.8,0.0,0.0,-9.099502186096019e-05,3.0,2.042373591837108,2.009887978191302
7.499999999998563,27.439822358317116,-16.949603425778886,-1.6829625143302582,-1.1501862813149955,-4.670629701736972,-0.41623216975225935,4.82814244939081,-103.83435095274793,-11.79013816360156,7.709860579229609,-31.23326038156208,-92.62945123479307,-36.83175426664509,-6.304979268508513,-42.96813353956262,16.491930031452302,-20.75429926703509,-102.71516722696126,0.8,0.0,0.0,-7.422256979007842e-05,3.0,2.157861263490176,2.121055550275892
7.549999999998535,27.38101994935671,-17.18301155733672,-1.704662646819954,-1.20176691352563,-4.665239220147389,-0.44922211032634923,4.838439955197583,-104.44535314808257,-12.220043906699756,5.437633788104069,-32.27532314943155,-93.45671125022405,-21.96359196922683,-33.51868098350962,-52.53376617571282,17.431222510280435,-22.168853454718512,-104.01726922050088,0.8,0.0,0.0,-8.821526069768704e-05,3.0,2.2845269043242573,2.2483479865331897
7.5999999999985075,27.319550580805885,-17.416036967836018,-1.7276223225000236,-1.257534234751941,-4.6544014190000125,-0.4655221203366247,4.843713014339845,-105.1192796381461,-13.478529801278032,4.500399473367287,-33.90083665130812,-95.16337082527119,-32.80714990406214,-13.293045960013782,-17.8523653068747,18.56243157475097,-23.515640140460214,-106.3171744787586,0.8,0.0,0.0,-7.935153087462037e-05,0.0,2.3739004675433204,2.3597346883691395
7.64999999999848,27.255126257424422,-17.648246639260762,-1.7508873509224485,-1.3201263618814925,-4.6321647530200085,-0.46237450000338015,4.838747161064396,-105.90708755233983,-15.756158283883428,5.731378366489007,-34.95550789170306,-96.85920588526919,-31.28323878999979,-43.23878515544237,38.04669063677493,19.746974441714812,-24.187812667498847,-109.28126834041875,0.8,0.0,0.0,-9.388691906972381e-05,0.0,2.257346723160126,2.2849063673384142
7.699999999998452,27.18734393751996,-17.879030402382966,-1.773619058833228,-1.392481043775112,-4.597316362911952,-0.44493692262482515,4.824136198645914,-106.85103455601711,-18.878940073556112,10.672424236249944,-36.880520042713215,-99.48810807331367,-31.644178307014048,-30.72325551779908,127.9007514794518,20.817433780945255,-24.738736787716935,-112.64678866018238,0.8,0.0,0.0,-8.86897033975984e-05,3.0,2.0173275196850575,2.063448509518071
7.749999999998424,27.115539460687526,-18.107776270380626,-1.7952946435038215,-1.4820827356090616,-4.551760201058569,-0.42140134934267875,4.805483249409887,-108.03558640294978,-23.691036938666397,20.940614009131544,-38.59335335447477,-103.715244380377,-67.11367368468193,-20.839961411705662,121.92229111334899,21.730204950020216,-23.98117403049406,-115.27154382446106,0.8,0.0,0.0,-8.31314889254284e-05,3.0,1.872655567102683,1.8747687205814705
7.799999999998397,27.038757032681684,-18.333974162767696,-1.815711977566936,-1.5908711157553703,-4.494478443141322,-0.3971832846557793,4.784240999826068,-109.49198903730047,-29.1280526870301,25.32959959762867,-39.80126828334255,-107.98535897701638,-56.712229362367225,-76.87408944170959,-13.549355735899692,22.771406625480804,-23.72495237887645,-117.17331054198445,0.8,0.0,0.0,0.00011460292869461885,3.0,1.8881573800515803,1.8671410763840148
7.849999999998369,26.956170090946795,-18.557030696892294,-1.8351896989304253,-1.7131090754857974,-4.426900355236205,-0.38401538161409504,4.7623163768295,-111.15529646754084,-33.266148604825595,27.41825877589033,-41.090672043214816,-113.73427635351882,-53.15414799234677,-58.119331233592085,-45.00116549907086,23.878756183830124,-24.18491155832143,-118.56698343698608,0.8,0.0,0.0,-0.00026712927282746175,3.0,1.9848774821788095,1.9525676611470102
7.899999999998341,26.8672862335657,-18.776486994304523,-1.8543266905730795,-1.8412715079414275,-4.351107617470155,-0.384077667423032,4.7402461876338045,-112.9367720699931,-35.6295120490651,27.635526018685493,-41.36790774523226,-118.87350993541517,-38.662210895771636,-92.88368391090795,-39.268070213216845,25.03232941317236,-24.72635613091309,-119.70126577205502,0.8,0.0,0.0,-0.00013648712255845595,0.0,2.0682899944705473,2.058614995518164
7.9499999999983135,26.771985416316475,-18.992052194513136,-1.8739028048042083,-1.9694383053131417,-4.272192430523182,-0.4010364639072576,4.721349981439367,-114.74923258990854,-36.24921039832907,32.69517736291578,-41.69174608141393,-125.66401602936692,-32.16016371406559,-19.75539110015447,-28.238523038181913,25.854298724879243,-25.13976711729757,-120.9280461244165,0.8,0.0,0.0,-9.82654981413522e-05,3.0,1.9950900704855528,2.007193141859726
7.999999999998286,26.670379374176225,-19.20364773804039,-1.894667141388397,-2.0933667385760786,-4.193373975050656,-0.43172114679720913,4.706692335961708,-116.5287469510429,-35.59028722270681,32.34623355384549,-38.95021258599743,-129.97750390865698,-46.104139882661386,-147.72075847109684,-97.53258474917973,26.871999249276506,-24.885013644346277,-122.78897988199016,0.8,0.0,0.0,-0.0001151933833297381,3.0,2.009618273365012,1.9925421371441503
8.049999999998347,26.56244655446627,-19.411360524909774,-1.9171402443089234,-2.223281551852654,-4.1144462546461495,-0.46672433347247966,4.699944727827701,-118.38500685150929,-37.12519800928223,32.85403561082857,-38.917073182344,-135.9055713506119,-26.15102917488609,-41.41928170286981,-35.527949982221315,28.120167758060646,-25.333003238209713,-126.13760999732692,0.8,0.0,0.0,-9.160316937530321e-05,3.0,2.096142964244142,2.0688515612673233
8.099999999998408,26.4478881581969,-19.614895199109647,-1.941226009783323,-2.3588263316349063,-4.026198648731342,-0.49501293617867176,4.692480690300655,-120.36472957621731,-39.59445449411229,30.577158414423366,-38.13584621999335,-138.4329573818693,-5.673029231443712,-69.72013498229316,-101.37298463377071,29.342203549489206,-24.948096271865687,-129.97168246412392,0.8,0.0,0.0,-0.00010454935388806197,0.0,2.2128082594791536,2.177159632230535
8.14999999999847,26.326376553648238,-19.813745014085377,-1.9665455721031488,-2.501334808507119,-3.9264585233157554,-0.5172673507289078,4.684156046898779,-122.49901240284251,-42.68565653245184,30.077532962373187,-37.22535563946349,-143.13138376258598,-34.0641307992206,-86.00245040272047,23.49554960812966,30.19977478531736,-24.30416663025002,-134.09913552601097,0.8,0.0,0.0,-0.0001090291638400502,0.0,2.2004172025160247,2.214725944239163
8.19999999999853,26.197585981916223,-20.007261631579148,-1.992958529558937,-2.6496585767926932,-3.8131729470769975,-0.5383765277233296,4.674486900558647,-124.79426852168316,-45.90512237675672,34.929698858601014,-37.46378633360342,-147.08094712102937,-7.990585548815316,-16.114804929356385,24.35618939788166,30.4921515124738,-23.101869199415574,-137.89902752277513,0.8,0.0,0.0,-9.493813499852013e-05,3.0,2.1218815471448482,2.117829089916363
8.249999999998591,26.061248304366362,-20.194811554505645,-2.0203789258595086,-2.803493634802827,-3.6883609649850193,-0.5589726335305016,4.666479783888623,-127.23817484514498,-48.87812646917679,34.66757207236781,-35.83374805864118,-150.04137777690192,-33.968722122707284,-87.55356196236845,-86.08194352155367,30.74249797188189,-21.61722913146459,-141.14740332944683,0.8,0.0,0.0,-0.00010538597400496682,3.0,2.1500574849597687,2.1273630166507584
8.299999999998652,25.91704820452323,-20.37581771227372,-2.048941250271544,-2.9636725934515313,-3.550984361659821,-0.5843145830349784,4.6620026501360625,-129.84857551353767,-52.20801336778959,33.79186880969102,-35.48560325159163,-154.5926405751877,-29.56984365396451,-52.9633801416395,-56.47500957187455,30.90065743507799,-21.08996192298844,-144.1899109545171,0.8,0.0,0.0,-0.00010181594626356272,3.0,2.232398934047648,2.203550448425431
8.349999999998714,25.764792985128206,-20.549645067211323,-2.0789090396191874,-3.124643869811186,-3.4021700016491687,-0.6150285752192138,4.660088001487344,-132.56519742188127,-54.3324381668056,31.496159879773035,-34.66114391155589,-157.58714477188443,-6.450679055310972,-74.07492213871048,-83.76083665663401,30.918300744709658,-20.579585268248742,-146.48991531725537,0.8,0.0,0.0,-0.00011219257468548163,0.0,2.319309703504794,2.2992110936772097
8.399999999998775,25.604597766732034,-20.715880001114012,-2.11057354718635,-3.279836983421374,-3.2485736291605702,-0.6520831264557194,4.662164053924354,-135.27437682251085,-54.18358801252544,32.61187294575647,-33.63122144167914,-160.99668983526752,-4.11719935493724,-35.13746790437178,35.18259463053116,30.584734013853502,-19.926974270461002,-148.44228814343802,0.8,0.0,0.0,-0.0001056131080668063,0.0,2.2233134128395773,2.247743353619708
8.449999999998836,25.436923987008797,-20.874480498659818,-2.144240434885565,-3.423882987712709,-3.0989824373206307,-0.6964899080050648,4.6703067407102,-137.85151648825868,-51.54279331489413,32.46573437728448,-30.346169542368404,-161.53373456039776,103.6416862470411,-113.53117354502905,-77.45912281132775,30.115645753164053,-18.42931253848162,-150.43169884330098,0.8,0.0,0.0,-0.00013525387573701223,0.0,1.9964454376619487,2.0486735689654894
8.499999999998897,25.262086932259443,-21.025931856746897,-2.180498132930128,-3.569494202754936,-2.9602051879670723,-0.754056025445203,4.698159651169646,-140.33085757193368,-49.58682167343916,30.41838384975319,-26.67349017193493,-167.26362123290352,-50.18296387039036,-50.49764974093398,-21.263135878355065,30.06392300515861,-17.652762854042273,-153.96886357419234,0.8,0.0,0.0,-6.728770009175713e-05,0.0,1.7203133894493505,1.778637046144548
8.549999999998958,25.079996370280607,-21.17029248906107,-2.219703245770647,-3.7118124723682935,-2.816002318213699,-0.8147966399613645,4.729832391396769,-142.81387704061407,-49.66038937354696,30.36122281792916,-24.013936546733806,-167.24548189314305,104.83420492728963,-104.07287810349884,-50.32328980474138,29.762219314204124,-15.896832322409177,-157.50622016531563,0.8,0.0,0.0,-0.00012921421313864882,0.0,1.440859825864332,1.4978079437855019
8.599999999999019,24.89065372675162,-21.307471292356148,-2.2621113659261125,-3.8622366779665,-2.6699304329108875,-0.8804591030150966,4.777092097217258,-145.3442338680599,-50.6071365488548,29.206376409753084,-20.981150852184744,-172.130904484015,-39.5959035087246,-22.421154807437976,9.566325060870055,29.662937771392862,-14.709299092353008,-161.92395594611995,0.8,0.0,0.0,-5.407661625044481e-05,3.0,1.2248197598686084,1.2537525925662427
8.64999999999908,24.69371176921128,-21.4369078120684,-2.307714824881768,-4.0144696144771865,-2.507710435228824,-0.9433055042452152,4.826427580193809,-148.0083004885152,-53.28133240904114,29.497197792430256,-17.88297911179627,-171.8606415829594,82.87891699052696,-118.57933807438259,-45.550388083816166,29.385636218613723,-12.308017991480645,-165.4437147770073,0.8,0.0,0.0,-0.00012395889277566104,0.0,1.2144715742933052,1.2133901463045365
8.699999999999141,24.488928829797732,-21.557884820152136,-2.356450011763706,-4.175939716468004,-2.3280392443228353,-1.0037400305857032,4.885256726895967,-150.8608268054178,-57.05052633798167,28.99388475372775,-16.16401210924575,-175.8508845752009,-8.284269649360196,12.712758420951213,28.078633246122717,29.28906050975941,-11.186364695058591,-169.32030713991233,0.8,0.0,0.0,-4.6136342464817647e-05,0.0,1.1510961556097228,1.1702662452046322
8.749999999999202,24.27608969234912,-21.669209909773283,-2.4079347955847945,-4.336577471043009,-2.1242810791395925,-1.0544816553802951,4.94271239574809,-153.901985094603,-60.82316578362976,28.817324016994803,-12.355633188975881,-176.10658760884706,34.21544239296555,-126.61397643666609,-48.15157311087521,29.04067627354664,-8.624704296363353,-171.4800404674955,0.8,0.0,0.0,-0.00011218611102161473,0.0,1.0265983342914546,1.055110996572792
8.799999999999264,24.055158312135692,-21.76978201545864,-2.4617872186321454,-4.497605258334137,-1.8961355265845836,-1.0966352529156622,5.002638491127304,-157.1403051657148,-64.76640142215753,28.65775161832992,-11.730489528817424,-178.52430670046448,42.810139550381784,17.687579454595806,24.05208221027886,28.979132706631237,-7.781757547402108,-173.82549848696002,0.8,0.0,0.0,-6.06112790666494e-05,0.0,0.8805720259917557,0.9113028682351991
8.849999999999325,23.826400592722035,-21.858479324102916,-2.517457913452191,-4.65047459495947,-1.6531952464117452,-1.1295567939152615,5.063187437948744,-160.43023026659324,-65.79850201748806,27.76538078508963,-7.770216451683843,-179.97667371344954,-11.675024288588206,-94.59359495990697,-34.85197628805229,28.787331967893756,-5.707604479705236,-174.79845922676606,0.8,0.0,0.0,-8.964895666913347e-05,0.0,0.7351179676937555,0.7648360722198584
8.899999999999386,23.59021021128881,-21.934794149187354,-2.5746828743707844,-4.793112046024729,-1.4015155081280266,-1.158421468553087,5.126412888567932,-163.70097502801536,-65.41489522836275,27.96635471740655,-7.014697302186608,179.45025299316387,77.04668775276754,-17.483793671872164,4.968124109826203,28.753308272990317,-4.6166100868819475,-176.10353578169943,0.8,0.0,0.0,-8.558881680425586e-05,0.0,0.6015676816538853,0.6282410855030311
8.949999999999447,23.34719612984214,-21.998702507830753,-2.6334279334871056,-4.924613745819494,-1.1585299399375406,-1.192816486279432,5.197770996993423,-166.76171478541926,-61.21479514800302,27.04203166972327,-4.054968563601552,177.27526109267586,-21.523700083679618,-30.44640960694618,-0.3422303956674022,28.571144213620563,-3.1593735550654793,-177.40534281344142,0.8,0.0,0.0,-6.201059880235816e-05,0.0,0.4848044195253974,0.5078499778988528
8.999999999999508,23.09789576701739,-22.050581170777697,-2.6940896070057034,-5.044502691167928,-0.9216924071802881,-1.235632169166658,5.274780673367734,-169.6455745803933,-57.67719589940972,27.662638898334972,-2.4491299575293333,177.79585112147234,60.266440837539676,-53.19163812101407,-6.085792038159756,28.449513329915902,-1.4277505450985157,-178.93426372906575,0.8,0.0,0.0,-9.189933358687462e-05,0.0,0.3860021912775752,0.4054494695670995
9.049999999999569,22.842805271391825,-22.090995999130005,-2.7573346319494263,-5.1566066978211795,-0.6964760395924379,-1.294614651831497,5.362061040913037,-172.3079060878439,-53.24663014894687,27.649800282844158,-1.2463510606652617,176.25810222508142,4.5745710195537885,20.247595637955158,26.08897236909087,28.24137270430637,-0.3845001830905973,178.70246024244278,0.8,0.0,0.0,-4.5590964719400355e-05,0.0,0.3043318318126197,0.3202298275896986
9.09999999999963,22.58230312305418,-22.120125832549267,-2.8236905923453874,-5.261603364750181,-0.4721563776487129,-1.3608712171327597,5.455215127061918,-174.8722280500248,-51.286439243555805,28.08531133588676,0.5186660113093529,176.1034831256967,-12.845323917374182,-55.99051008257975,-2.1868453377267403,28.096979597253,1.288220648991676,176.6314356607545,0.8,0.0,0.0,-6.845936243243749e-05,0.0,0.2379991439253827,0.2510473855019499
9.149999999999691,22.316708187513246,-22.137889306989496,-2.893316167662987,-5.359933359520321,-0.23709791000657088,-1.4189946528506072,5.549652859616256,-177.4671589367673,-51.89861773478672,28.385945894257134,-0.34176709537088235,174.84550773481033,-10.539141832674211,0.5693711694155589,10.377387236937604,28.02061912868073,0.8998570012096464,174.12902132398392,0.8,0.0,0.0,-4.5400468496291565e-05,0.0,0.1848563444079136,0.19524381417912554
9.199999999999752,22.046422127648583,-22.143589488326754,-2.9652334550205546,-5.448792127657695,0.006740693323911807,-1.4538020983845867,5.63940791472282,179.92911950531752,-52.074431158239925,28.356650766755525,-0.7158984202034041,173.61958778403934,-34.07571017667219,-14.425352417152123,-1.3959201227894367,27.991892430263213,0.39458452206823524,172.7722049514706,0.8,0.0,0.0,-5.3083527131266635e-05,3.0,0.14970616544714765,0.1522719217412692
9.249999999999813,21.771971685730378,-22.13707809135772,-3.038229353091753,-5.526594217800953,0.2499510526994272,-1.4616235821032129,5.722068041603202,177.41045076195385,-50.373374867211716,28.40975659031219,-1.559238589222574,172.97257870877112,-11.221208382181052,-12.293165145183156,-3.0842758742580774,27.99762231062029,-0.4172817059882287,171.936058655096,0.8,0.0,0.0,-6.160456194206817e-05,3.0,0.29571481834018964,0.2515600563436427
9.299999999999875,21.493914321097144,-22.11871849228807,-3.1110735256239996,-5.593138364414756,0.4801454948005977,-1.4489165185296604,5.797680185844472,175.0934471277652,-46.34007268371687,28.225226436984126,-2.170939687107701,171.95020080052015,-19.90790251374451,-1.4919262199925514,0.22682008075923737,27.89422475347018,-1.090684463219629,171.11577499939034,0.8,0.0,0.0,-5.555258803361439e-05,3.0,0.5867165586728782,0.52095247788779
9.349999999999936,21.212813930137056,-22.089155257995944,-3.182821487955737,-5.64848928265988,0.6985675457708305,-1.4189031357791901,5.865723646836068,172.9498383318658,-42.872175917934975,28.250006162898348,-3.0070876647448155,171.45463063789876,-65.32519104103064,53.76671082864368,9.206849891636702,27.717389361011605,-1.5046742790877088,169.8121010345927,0.8,0.0,0.0,-3.328282495727367e-05,3.0,0.9291331669667349,0.8468394177700967
9.399999999999997,20.929283125392686,-22.04852175180235,-3.2520262839476963,-5.690836679408904,0.9285495635807615,-1.3365256603391031,5.918963358940201,170.7329550565214,-44.337665506834114,28.14775274397071,-5.452918859455055,177.97565119225797,62.359862845022136,51.10478170789643,-23.52384418373658,27.917987096062024,-2.47093800486385,166.6830793546221,0.8,0.0,0.0,-8.44080008344471e-05,0.0,1.2670892670571134,1.1709342006310215
9.450000000000058,20.644177193175267,-21.996395042146972,-3.3163058794562597,-5.708242015723116,1.151968959109803,-1.2381645556925014,5.953495684032402,168.5904952129275,-42.84919687182581,24.024421322729427,-8.687746547494873,-179.40065636075067,-12.63592235863586,37.10253813914116,-139.05323723875452,27.713422072027054,-2.452544023570503,163.67104879025652,0.8,0.0,0.0,0.007546070972089306,0.0,1.4143196744390054,1.381026810458366
9.500000000000119,20.358800203508867,-21.933424204277,-3.376443026696693,-5.7051491728156165,1.3606124623414035,-1.174622075962878,5.98161603399088,166.5861807592463,-40.08628907357505,22.430758829282794,-11.744243038917162,177.66170564795993,-70.92378964477132,26.07979158608947,165.1481446913927,27.297447514016515,-3.311087892824471,162.94029988559203,0.8,0.0,0.0,8.223220811201659e-06,0.0,1.3772304500673935,1.3935325382989725
9.55000000000018,20.073718859048384,-21.860839509598428,-3.434299955441304,-5.69908873202469,1.5368083339241043,-1.1424217991868115,6.012197584741091,164.90865770920988,-33.550461000687186,32.04213080761316,-14.979823716207875,173.548918614989,-99.78508410045214,24.778927842684276,43.63802697999489,26.729508535854492,-5.340269593336127,163.85362194044288,0.8,0.0,0.0,0.007610134759505302,0.0,1.2482158979031874,1.2791124707759578
9.600000000000241,19.788974499060373,-21.77983550173392,-3.4903654980154353,-5.692508477030894,1.6928509829084706,-1.1022783918188561,6.040315791783865,163.438456535708,-29.40402347000146,29.7297864763321,-15.308854651417192,171.92336541884436,-40.899455207265106,-100.8200947836556,-59.00550556029969,26.795527740690638,-8.325274235328088,164.97243972865363,0.8,0.0,0.0,-0.00038272492647572473,0.0,1.0821763764239967,1.1178971699668345
9.650000000000302,19.504351290036524,-21.69188706571185,-3.544395245122514,-5.6914714209002915,1.8237539566475816,-1.054212381990113,6.068796353120918,162.23265592761868,-24.116012161757393,28.344481323949797,-16.681595949293506,169.4229338048546,10.080328691625125,-7.89995586696683,-15.751633055197395,26.632836187138402,-11.273590428711667,164.1202230418352,0.8,0.0,0.0,-0.0001498991099022302,3.0,0.9301233663454571,0.952243905848989
9.700000000000363,19.21992442399096,-21.59754196721538,-3.595198812836053,-5.683720949269533,1.9492345049976192,-0.9712413356026358,6.086666469967109,161.0705733253684,-23.2416520449768,27.548329342342292,-16.263850996074712,166.5922407770323,-60.27434732651744,-26.3614143299134,-10.453133940227918,26.460837527793483,-12.317661447413803,161.36971934874424,0.8,0.0,0.0,-7.074440715833247e-05,3.0,0.9768347596367462,0.9540565083655478
9.750000000000425,18.936435071434662,-21.49647874487085,-3.640561386575855,-5.650314396726966,2.0965830478610035,-0.8357178551621889,6.0844176049869425,159.6423259834606,-28.56494683812106,27.51510410651841,-17.874142515725065,165.86200016928314,-77.60502086567257,37.65116509828478,-73.40685347390377,26.778090826402764,-13.04771221562705,156.37743338341394,0.8,0.0,0.0,0.002104873925952264,3.0,1.1623569494833994,1.0975823667362006
9.800000000000486,18.655781860317163,-21.387071849304327,-3.677800081510367,-5.567553098101439,2.283758766619272,-0.6504870428538055,6.052795634845935,157.69701522825193,-38.90621510412594,22.07196768484071,-21.16076370156406,165.38449796728275,-71.12770136482936,2.36582035042196,-75.72985526055945,27.25572757311611,-14.487011687866007,151.20963407198852,0.8,0.0,0.0,0.0031968762526647025,0.0,1.404464278296775,1.3379490945423662
9.850000000000547,18.380578414643765,-21.267723122402025,-3.7053386404513313,-5.4351179741101205,2.487736192842279,-0.4563350996752587,5.994796116705548,155.40570944614873,-45.8261156420082,22.583965478413877,-24.51630071159881,163.06397004686147,-89.40145488708382,-43.59301106690131,81.33451774008391,27.041680984791373,-15.601347302412595,148.46485683828016,0.8,0.0,0.0,0.006575749641122067,0.0,1.5188406337657314,1.5047655394193529
9.900000000000608,18.112689562516707,-21.138486316389322,-3.7239991817085856,-5.281360611144772,2.6762341280725086,-0.2991035679776035,5.9282764744559975,153.1272108885884,-45.569971151151215,30.107962904707804,-28.21739735363141,158.17104930471783,-63.42427892191877,21.714251479023844,-10.28413075869406,26.292634539652425,-17.369919714831134,148.50356438984699,0.8,0.0,0.0,0.005128053141010052,0.0,1.4564963613298625,1.4780281020335364
9.950000000000669,17.852363886969602,-21.000727418166463,-3.7359792014568045,-5.138198126332848,2.8231793586780114,-0.19109579035423474,5.8658280982148705,151.21343672135654,-38.275483344589816,28.12521521494146,-27.179408654177898,154.2951220066094,-102.65646356268721,-113.73786507429124,-85.14999743517915,25.94718731548024,-18.680369133802014,149.39481971610874,0.8,0.0,0.0,-0.0003906050179979031,0.0,1.3081543291139883,1.3426426678766226
10.00000000000073,17.598756337939204,-20.856469228375133,-3.743534619939229,-5.008143246424014,2.9415466064330396,-0.11556798302410821,5.809264254036001,149.57203750315463,-32.82798436399814,27.650450802838066,-28.381022481600386,152.17189233497686,46.6078141099834,-73.06828624157025,-48.3800518556384,25.887948600406897,-20.81198670194333,148.85903521631053,0.8,0.0,0.0,-0.00016209443783490074,0.0,1.1273813609544463,1.1658358229217824
10.050000000000791,17.351359005519008,-20.706955658267226,-3.7478572547231845,-4.888378504796631,3.038042490498751,-0.057486524565966396,5.7558015324314535,148.13976535765724,-28.64544290991277,27.29225445691093,-28.623959280430874,147.2818164254901,-43.19425430682473,20.48912964337601,8.164561281128567,26.008004420914975,-22.517581832369707,146.66539843604252,0.8,0.0,0.0,-5.811763570014383e-05,0.0,0.9443414417679132,0.981594009837478
10.100000000000852,17.110153081147146,-20.552674406592658,-3.749141565011723,-4.761044536028132,3.1308844433983527,0.0054521198071331,5.698246414254787,146.67089907443878,-29.37732566433361,27.06271512518244,-27.08991536849,145.03951046294154,-61.92838205370934,-102.46388830516094,-44.27975932958619,26.289830558314442,-22.496794234597836,143.49491955509293,0.8,0.0,0.0,-9.286829552807093e-05,0.0,0.7747435638829641,0.8087657458126988
10.150000000000913,16.875632218450747,-20.39364099403508,-3.7471342976273125,-4.616688369199536,3.2313431207888637,0.07586580061500206,5.635702749637772,145.01080132866676,-33.20195491539961,27.722151606546152,-28.08177627144644,143.38061721034194,37.88792686987144,-49.79162388351453,-11.936218829843003,27.087360106647576,-22.91588151079422,138.87140310876504,0.8,0.0,0.0,-9.176778498550722e-05,0.0,0.6256016737701638,0.6550860321780255
10.200000000000975,16.648862963109025,-20.229380538372602,-3.741588120093622,-4.451055837798755,3.3408148850073673,0.14484844381235806,5.56721862681573,143.10932262920525,-38.029573989183625,28.440250794647575,-28.50921938943007,139.22440488124565,-49.227920533850806,18.1620340871204,15.044536098343755,27.827604945300333,-23.03739049290998,134.27186901611827,0.8,0.0,0.0,-4.463605595837895e-05,0.0,0.4988938051199857,0.5235921998330993
10.250000000001036,16.431096463384698,-20.059338508422936,-3.7326566701207513,-4.25897633484583,3.459448818445789,0.20903343744745806,5.490934394635751,140.91399788047252,-43.90649497460131,28.797441925491025,-27.91369114948577,136.9509686223135,-68.39178615300273,-83.82393331188588,-36.332707656888,28.2274182261206,-22.448703735067404,131.11951634218138,0.8,0.0,0.0,-8.359302862475664e-05,3.0,0.40017553758594504,0.4155324916496686
10.300000000001097,16.223406813538617,-19.883314932719845,-3.720831106693562,-4.047745092267573,3.5795545677380667,0.2622458943581893,5.409826627951991,138.51260946324268,-48.027768344537606,29.336749367571116,-29.27250800163537,134.99629920471213,15.956208310891707,-47.850430014639024,-20.52231669539909,28.53527029917223,-22.96866557599355,128.85955948378006,0.8,0.0,0.0,-9.16184959863025e-05,3.0,0.4917072152301172,0.45794810793915186
10.350000000001158,16.026434014733137,-19.70155481235036,-3.7067206228847485,-3.8330602587797555,3.6883619496048268,0.29939281505608456,5.327851431528159,136.1021293065638,-48.20960313351907,29.60649226303785,-29.90257865695929,131.10603916886168,-40.1524464058107,7.943852807455692,0.11143453997889549,28.549832995433984,-23.715479597634463,127.71991326276054,0.8,0.0,0.0,-6.164284639775691e-05,0.0,0.739005540124251,0.6814457951357582
10.400000000001219,15.840099443979447,-19.51470868943589,-3.6911439782539532,-3.6261559586352474,3.7808834042447304,0.3193032613084688,5.24843223501279,133.80330857810975,-45.97641456902464,29.399023695993538,-29.21168794239391,128.74965183946452,-55.37586998030812,-71.01353708550754,-40.02054486755839,28.353740940067713,-23.903763188491414,127.48393681322274,0.8,0.0,0.0,-8.796539914171962e-05,0.0,0.9114920316185986,0.8895921568848109
10.45000000000128,15.663694276507288,-19.323646274480264,-3.6750771706649235,-3.4344885264181735,3.857982831242573,0.3208169561905589,5.175197241037283,131.67640593833625,-42.53805279541841,29.444605081779507,-29.63600353668242,127.10358814747107,19.90252768854915,-54.77016261300494,-28.606103176549947,28.33016493729299,-24.517804356481022,126.76211479355105,0.8,0.0,0.0,-9.555135971208234e-05,0.0,0.927536727948962,0.9320622915745903
10.500000000001341,15.496387621284548,-19.1291247154892,-3.659369785132966,-3.2608110598232374,3.9212916844162238,0.3059827655907249,5.109113689768111,129.7457433041726,-38.61325268322534,29.560279013007293,-29.743297124212095,124.12236883354312,-10.375591711451904,4.919244080037851,2.2482505429032664,28.412159085846284,-25.025400950005206,125.25711560870765,0.8,0.0,0.0,-6.480206845428287e-05,0.0,0.8617664743147256,0.8792180004047317
10.550000000001402,15.337527600913283,-18.93163385016469,-3.6446451015046586,-3.097444210039789,3.9767680137177663,0.2813543974404718,5.0485646243459,127.91448324881311,-36.625201107145166,29.475788280885723,-28.7620630061777,122.01380051061297,-45.763950557361795,-46.91576936076788,-21.134204702383048,28.508683540676888,-24.69578085553057,123.2185352833777,0.8,0.0,0.0,-7.437264015854622e-05,0.0,0.759128209835316,0.7819556391224303
10.600000000001463,15.186713795266142,-18.731428307003178,-3.631331440316459,-2.937014820407439,4.030460695510954,0.25076104689913997,4.993350636195453,126.08099163529359,-36.66983227034585,29.67408559178092,-28.654412203305636,120.8339530669364,7.1164645366722965,-60.02845068305993,-24.079745653057543,28.824247769519044,-24.35402147573711,120.31741906775761,0.8,0.0,0.0,-8.760835829956858e-05,0.0,0.6457026438003834,0.6694934211990972
10.650000000001524,15.043892059075523,-18.528547205854114,-3.6196899772868383,-2.7759276546016145,4.084915296125429,0.2150338858573467,4.9435358694125435,124.19829291943492,-37.653974317127066,30.085159070861636,-28.994691190263072,118.51192554335655,2.650858815711376,-2.131712034950641,3.3526213450330586,29.241206735924106,-24.164567038213473,116.81969208929851,0.8,0.0,0.0,-6.437842133980799e-05,0.0,0.5357767852598101,0.5580462870125072
10.700000000001586,14.909272054989241,-18.322900326937024,-3.609900889915352,-2.6098631077359027,4.140782345053104,0.17601287185384334,4.897799955212812,122.22251792324275,-39.51549992379528,30.293658425801965,-28.521479824983235,116.1236329821495,-46.875592335468134,-22.875986944315457,-9.256508296545778,29.49906246073228,-23.539756100868253,113.59541800604163,0.8,0.0,0.0,-6.244994737173531e-05,0.0,0.4364260922647967,0.4562598016146293
10.750000000001647,14.78315478948743,-18.11440770586369,-3.6021208911542475,-2.4359212944125486,4.198008994539644,0.1351730532288112,4.855436522613333,120.12472164222821,-41.955925620239405,30.484116856303157,-28.42389738791606,114.69992875673242,-20.289562199834357,-60.90091012545201,-27.503107622848663,29.668385396913607,-22.983297851182364,110.79648461216387,0.8,0.0,0.0,-8.214283169383273e-05,0.0,0.3504488860756474,0.3675266682101182
10.800000000001708,14.66585667213492,-17.903076274932967,-3.5964464214498926,-2.256396236425324,4.2544158851072655,0.09250107886753979,4.816631078751938,117.93994508406868,-43.69553116313724,30.775777659608504,-29.06856599647164,112.67097306408387,4.209226117889788,-21.445824474256977,-9.660031085738911,29.77294117618706,-22.945672275507974,108.34876529570485,0.8,0.0,0.0,-7.348873337549442e-05,0.0,0.2782183254385774,0.29240818693258275
10.850000000001769,14.557606430068267,-17.68901250902068,-3.5929237543931083,-2.0752611018505682,4.307200352971633,0.048602344305877926,4.781322589970794,115.72532826483767,-44.29233638456614,30.859891038405245,-29.119055517317143,110.00599657545354,-34.87390509504997,-9.607557643002021,-7.588592328159757,29.689933872945865,-22.852838657072006,106.57342411264652,0.8,0.0,0.0,-6.322698214463669e-05,0.0,0.21882934132469878,0.23044287697019875
10.90000000000183,14.458416175769765,-17.472413069681153,-3.591601374725414,-1.8954820729189874,4.355290812013982,0.004208365500955525,4.749887162481953,113.51933356616533,-44.11989397339276,30.774291436835462,-28.817963119061616,108.09548087915974,-36.7105147871194,-52.607016394285985,-29.79970721570727,29.500675834795842,-22.586647697677765,105.33222208346392,0.8,0.0,0.0,-7.985721170932953e-05,0.0,0.1707910849584813,0.18027043225708753
10.950000000001891,14.368075405541575,-17.25352437957275,-3.5925475094358843,-1.7208554709558583,4.398877933355283,-0.041786219928887904,4.723686771225914,111.36560021894051,-43.07466694444365,30.810925042227712,-29.06998067474198,106.30919224362921,1.6631574435586427,-45.71370530241397,-24.505770536923425,29.35801695916799,-22.546352030215296,104.04519403321484,0.8,0.0,0.0,-8.527614632690007e-05,0.0,0.13243014487460292,0.140007095933617
11.000000000001952,14.286260373311272,-17.032571941984205,-3.595862570747158,-1.5541444767913057,4.43843382507085,-0.09051115968677051,4.703536131922643,109.29801132820054,-41.351777814749006,30.841173520505574,-29.1908587877298,103.78202402058766,-9.658463690541272,-12.759940246709917,-7.265328520380338,29.23322638790301,-22.489464534350727,102.53620863450693,0.8,0.0,0.0,-7.154264672135449e-05,0.0,0.10211268919509674,0.10807474611089725
11.050000000002013,14.212619155631153,-16.809726073026493,-3.6016558703853776,-1.3944342524876019,4.474801966838732,-0.1412270518807918,4.6891624632888735,107.30803736690994,-39.79947922576318,30.727023961992966,-28.674588052238057,101.43839050282781,-36.77054127341288,-34.20067387732612,-18.903254556591307,29.087524712736524,-22.053365246466544,100.83541057911474,0.8,0.0,0.0,-7.431214592120802e-05,0.0,0.07835566283896123,0.08311579788787779
11.100000000002074,14.146847573664672,-16.585100066787657,-3.6100180016043466,-1.2388926877274031,4.509491283108647,-0.19300962960968757,4.680557599395543,105.36186979290905,-38.92335147997046,30.706754958171288,-28.35027807752987,99.66223991655413,-14.640412239013147,-58.15703422771972,-29.9440151081698,28.99148429514403,-21.522111852073735,98.73544508994698,0.8,0.0,0.0,-8.672338663684323e-05,0.0,0.059871996507073116,0.06366960718816439
11.150000000002136,14.088774655621991,-16.358760155592098,-3.620998632290677,-1.085211260703554,4.543568380869523,-0.2454836861351965,4.677815660343364,103.43317631054286,-38.57386964727654,30.82104680752212,-28.43952140430739,97.49179013413001,3.3848380753472127,-32.30348671264604,-14.72697329369528,28.94815112521701,-21.13233888950923,96.17481356200639,0.8,0.0,0.0,-8.061335164899884e-05,0.0,0.04557823743365366,0.04852072272235131
11.200000000002197,14.038398947914292,-16.130739378592228,-3.6346001951132245,-0.9306744684640617,4.577039742906171,-0.29789134944293133,4.680190918164171,101.49357137636437,-38.79209868352247,30.830408463524236,-28.208313905081773,94.85904360831236,-23.507165976776434,-19.24526879873258,-8.936541751187525,28.8687656442554,-20.64555462743339,93.4690109167002,0.8,0.0,0.0,-7.13455117635983e-05,0.0,0.034582226275581995,0.03688341539517654
11.250000000002258,13.995859983671467,-15.901065208759924,-3.650784302463277,-0.772062210137258,4.609468652345169,-0.3489171600623164,4.686685875739995,99.50848432853456,-39.70174095654766,30.753243173418376,-27.719846148207477,92.60782944618579,-35.04722687693662,-48.021063568683374,-25.9922145415094,28.74031663579011,-20.03514407075189,90.85860114175061,0.8,0.0,0.0,-8.000189960340943e-05,0.0,0.026161485541272556,0.028037781576767583
11.300000000002319,13.961380985155172,-15.669797949531802,-3.6694727461004546,-0.6079975228167995,4.640342738925164,-0.3976991618022602,4.6968719745959735,97.46461562000906,-40.87737417046009,30.756486684983983,-27.641596469029707,90.570456127084,-9.354756760258658,-54.817106131135546,-29.357667439279858,28.60912737466451,-19.626221834399512,88.34113978077723,0.8,0.0,0.0,-8.759086436343468e-05,0.0,0.01973855132428391,0.021239455776951084
11.35000000000238,13.93521941075475,-15.437051504510926,-3.690537007478047,-0.43898864800966425,4.668646251220784,-0.4436142029850592,4.710176473680078,95.37167708029568,-41.85877079421631,30.727240935297523,-27.761083933660398,88.03274047553936,-5.400125839800985,-28.076133945819166,-15.148792143917497,28.456373992587693,-19.439731270654516,85.99895429807702,0.8,0.0,0.0,-7.965833549177672e-05,0.0,0.01485670034523268,0.01600930678525145
11.400000000002441,13.917622656079518,-15.202990832531011,-3.713796079268577,-0.26592172267585756,4.693041044546733,-0.48564772119692223,4.725590155472114,93.24308211575767,-42.57189929070818,30.510565174721577,-27.487851349635523,85.29898681701337,-30.887066356077703,-28.093494092712078,-17.515082711080133,28.243057712741916,-19.199646126206236,83.99535753792057,0.8,0.0,0.0,-7.625716680250386e-05,0.0,0.01115781780132464,0.012095983706271242
11.450000000002502,13.908772232884985,-14.967822132081293,-3.7390350820717337,-0.08988147381045322,4.712754392047638,-0.5229489940965923,4.742531843807196,91.0926104809337,-43.00943269642705,30.227051149538074,-27.06754575486333,82.97456306381879,-30.553710676746615,-55.01908178746807,-33.64267692118886,27.992326046471714,-18.901515879511727,82.25963767038427,0.8,0.0,0.0,-8.679915075984044e-05,0.0,0.00836313372054279,0.009181992595114562
11.500000000002563,13.908754775903788,-14.731780690128014,-3.7660260184823446,0.08735393725557504,4.727734314015435,-0.5555600531453987,4.761065996909092,88.9414712949986,-43.02278371864903,29.99817800651444,-26.951883912111352,80.72224449709176,-5.423892860044922,-54.17858245585723,-32.39911655279889,27.740288880204364,-18.725922531837018,80.55286546479037,0.8,0.0,0.0,-9.162751499876027e-05,0.0,0.006256973485092886,0.006930440921058138
11.550000000002624,13.917574842463333,-14.49511267605309,-3.7945457744120445,0.2638025834200194,4.738037650646831,-0.5841159624764515,4.781190650830169,86.81319859061752,-42.565454087569805,29.702009947740127,-26.847950586347803,78.05659183501591,-5.493224316227467,-31.108800951508726,-19.16182272360931,27.467903800391724,-18.586995476896657,78.77101236497697,0.8,0.0,0.0,-8.418660907881178e-05,0.0,0.0046733569393679454,0.005199982673911263
11.600000000002685,13.935179587474666,-14.258056211596928,-3.824397977766844,0.43845822780464905,4.743606363446327,-0.6092360123770425,4.802625892950143,84.7190754717426,-41.88246237744732,29.249447605797243,-26.359820899519004,75.32378165456012,-26.903369211957333,-34.36942888607507,-22.213942389187043,27.143685088274477,-18.28064266248096,76.92217596530755,0.8,0.0,0.0,-8.221843583101103e-05,0.0,0.0034851334861338117,0.003952593750196833
11.650000000002747,13.961494922305768,-14.020838229490344,-3.855422671115186,0.6119202082129577,4.744441960134649,-0.6312767023384307,4.825213583793052,82.65077860985166,-41.36593723776839,28.767376870991843,-25.764638892163404,72.95331032658305,-25.18958148289259,-57.36918604224899,-36.101069928668096,26.776540235771467,-17.871994694277333,74.94132602986572,0.8,0.0,0.0,-9.071956115960821e-05,0.0,0.0025952898442200387,0.0030343417345745725
11.700000000002808,13.996463350731561,-13.78368627042405,-3.8874901276512515,0.7849136024052658,4.740709659113183,-0.6508192626787798,4.849121894521068,80.59889179109281,-41.03773637512649,28.330534421488043,-25.44234837444173,70.66103789567872,-3.5871866224546793,-56.617464414401695,-35.498325917175634,26.38430451837079,-17.563381781669086,72.75502145527886,0.8,0.0,0.0,-9.396859780894878e-05,0.0,0.0019300700239317907,0.0022361375974712747
