time_s,com_x_m,com_y_m,com_z_m,com_vx_mps,com_vy_mps,com_vz_mps,speed_mps,course_deg,course_rate_degps,pod_roll_deg,pod_pitch_deg,pod_yaw_deg,pod_wx_degps,pod_wy_degps,pod_wz_degps,canopy_roll_deg,canopy_pitch_deg,canopy_yaw_deg,thrust_N,brake_L_target_rad,brake_L_command_rad,brake_L_actual_rad,brake_R_target_rad,brake_R_command_rad,brake_R_actual_rad
0.0,-0.003132854573667885,-1.096787657635706e-07,0.12574077566872374,6.000000000000001,0.0,0.0,6.000000000000001,0.0,,0.0,-0.0,0.0,0.0,0.0,0.0,0.0,-0.0,0.0,0.8,0.0,0.0,0.0,0.0,0.0,0.0
0.05000000000000004,0.2963269518318141,1.9699837547180763e-06,0.12023688033457545,5.982108354617743,0.00011783688495364552,-0.21223712270287584,5.985872114949177,0.0011286248556042246,0.022572497112084474,-0.005097030382382798,-1.1478456550252887,-0.06900383711200787,-37.79692403540174,-2.8025728357955444,0.08358266047223173,-0.0013497134937199816,-1.224305195622489,-0.04130974413473724,0.8,0.0,0.0,-2.043763862413231e-05,0.0,0.0,-1.9292293236565737e-05
0.10000000000000007,0.5953812210885393,5.408193618043968e-06,0.10529570686756197,5.982631189393434,-0.0001918146264010969,-0.37294348173011205,5.994244141312641,-0.0018370125434741926,-0.0593127479815683,-0.01034279689929482,-3.3592159028789457,-0.3120516560824348,-48.36897702462875,-7.3245124427077375,-0.36150886968082957,0.010870235915652279,-3.8140779742147255,-0.25314529243013423,0.8,0.0,0.0,-3.3955035108666147e-05,0.0,0.0,-3.1914065597435896e-05
0.1500000000000001,0.8947846619400104,-5.90682712459208e-05,0.0841159901986908,5.994462989835525,-0.0029742163517450784,-0.4597810956744849,6.012070694728265,-0.028427905989104166,-0.5318178689125992,-0.008705058144973394,-5.925862722989472,-0.7677197759080371,-55.262578911194844,-10.711112989532218,0.07841794879626819,0.06969726668465204,-6.910441589945126,-0.6246110184085496,0.8,0.0,0.0,-3.711356139795437e-05,0.0,0.0,-3.521575578726898e-05
0.20000000000000015,1.194819290658903,-0.00037356784525795754,0.060743370698316146,6.005209585563589,-0.010452078740768122,-0.46011129324972183,6.0228194240464115,-0.0997233128560485,-1.4259081373388856,0.08279466466384437,-9.009135796740507,-1.332038629176748,-68.50521672352453,-9.719058716694022,2.900433213822249,0.20487828531957683,-10.25027561850875,-1.081382475993016,0.8,0.0,0.0,-3.4446658250200626e-05,0.0,0.0,-3.399693728750485e-05
0.25000000000000017,1.4949826833968924,-0.0012075434887883927,0.039611355615874234,5.996685444071507,-0.023757143675534883,-0.3719843877057712,6.008258741242053,-0.22698821829486412,-2.5452981087763114,0.378707065362579,-12.692443409986277,-1.711531866655415,-76.08176759665845,-5.282131362578796,5.817402194562182,0.42692100761501767,-13.641794565571985,-1.5618931068342226,0.8,0.0,0.0,-3.622781959286685e-05,0.0,0.0,-3.7810980891444585e-05
0.3000000000000002,1.7939165788706901,-0.002843542754825567,0.024781108298279692,5.955182806532538,-0.042201319598450505,-0.2139570135323878,5.959174507785144,-0.40601894306514114,-3.5806144954055377,0.696103293999597,-16.25718638220023,-1.997404031849985,-63.18756768660991,-4.681885383509081,3.7241875120497605,0.6873806962859038,-16.35312217355483,-1.9335863892299778,0.8,0.0,0.0,-4.9710222887351225e-05,0.0,0.0,-5.057200451046507e-05
0.35000000000000026,2.089942448278463,-0.005491865442524814,0.018809302160104905,5.882702800056923,-0.06383442236655697,-0.026903164052093476,5.8831106438271625,-0.6217039294142146,-4.313699726981464,0.9554722085338383,-18.476946893596224,-2.1786009654996454,-21.656019390571576,0.2724785612790911,4.760347984130807,0.935735897701023,-17.542474850210237,-2.082531693541303,0.8,0.0,0.0,-6.956089058541651e-05,0.0,0.0,-7.141137417255409e-05
0.4000000000000003,2.3819693487523796,-0.009240637527904105,0.021575185017921758,5.79940819453851,-0.08562112758659561,0.12543073553446016,5.80139631931713,-0.8458402474507624,-4.482726360730952,1.1696887551152406,-18.35473906053304,-1.9856489249238591,23.299476112029147,6.81624406850131,5.710551963065585,1.1570284444056222,-16.926849641708337,-1.938941781229392,0.8,0.0,0.0,-7.979933822629399e-05,0.0,0.0,-8.275680176295401e-05
0.45000000000000034,2.670006068138601,-0.014004393206259676,0.030150614992535168,5.725325297509637,-0.10385736506560277,0.20385878115287182,5.729894808566326,-1.0392311022114327,-3.8678170952134026,1.337545555605655,-16.628282835924875,-1.4799052062367903,40.51646781709891,10.509367059206316,5.841431370097633,1.3412748422370175,-15.495430662752577,-1.5079572018159095,0.8,0.0,0.0,-7.259848400326521e-05,0.0,0.0,-7.453591063815184e-05
0.5000000000000003,2.954743728126242,-0.019524833664195773,0.04083906755605281,5.667416754113218,-0.11564203744273782,0.21437695068789234,5.6726486955048925,-1.1689419784402642,-2.5942175245766292,1.4896111133441985,-14.781819404455183,-0.9149366719997056,30.473742961177503,9.43247069660277,4.931708356926107,1.4909345744549534,-14.284958690004968,-0.9411290640501757,0.8,0.0,0.0,-5.863655174833875e-05,0.0,0.0,-5.859418790057473e-05
0.5499999999999948,3.2369476491704017,-0.025456628159784358,0.05094596060486378,5.622886795691863,-0.12054641352751433,0.18665326968614301,5.627275255224751,-1.2281490144171134,-1.1841407195371183,1.6239168991308794,-13.944506321549856,-0.4689751004819075,3.6345023605813735,6.4050469335786,3.807958523974794,1.6247558581720631,-13.933569530730074,-0.4882301461419183,0.8,0.0,0.0,-4.6392516611046137e-05,0.0,0.0,-4.523806179661641e-05
0.5999999999999893,3.5171229413077882,-0.03150254983061713,0.05939830369912698,5.585049125170005,-0.12081794911349493,0.15302253167464014,5.588451181015214,-1.2392512447924695,-0.2220446075071432,1.7630420263865605,-14.33018714404932,-0.34219259193539364,-16.994975381746624,-0.8108243134299135,2.7009742752760832,1.7652296985520093,-14.553832369234241,-0.3623797987184948,0.8,0.0,0.0,-4.3505382849599365e-05,0.0,0.0,-4.048402468327742e-05
0.6499999999999838,3.7954369036986955,-0.03752784190844805,0.06650052435368747,5.547449793168069,-0.12046538119098778,0.13483606715552648,5.5503956508335435,-1.244008247870688,-0.09514006156438119,1.9350011716079436,-15.471956686384113,-0.6320541287529932,-27.23013755271506,-8.418502498242864,1.784955797690586,1.9372730644857203,-15.719359107637835,-0.6481805653708185,0.8,0.0,0.0,-4.550870964489277e-05,0.0,0.0,-4.19144746905287e-05
0.6999999999999783,4.071767316847819,-0.043611686554628375,0.07326666076836628,5.505101624136555,-0.12378436902187223,0.13956033932090334,5.508261390892451,-1.2881010171071783,-0.8818553847299025,2.1512391165919147,-16.87002176174919,-1.2821952769196654,-28.113757223894883,-13.820530077492744,0.997370662845792,2.151832769032729,-16.9797199407503,-1.287923999870098,0.8,0.0,0.0,-4.9151135834750685e-05,0.0,0.0,-4.629436203336924e-05
0.7499999999999728,4.345803075663789,-0.050024295376852074,0.08078750727872244,5.45561582591203,-0.13390421136582498,0.16345768336075425,5.459706291735204,-1.406001879193452,-2.358017241725738,2.39211650134123,-18.099138725303536,-2.1192042575588776,-21.15709894827407,-15.40594080651723,0.39941761636999723,2.389198403593754,-17.975031565289953,-2.109348977806408,0.8,0.0,0.0,-5.327422978679237e-05,0.0,0.0,-5.20866341353889e-05
0.7999999999999673,4.617200540317255,-0.05713863261596212,0.08975989450616395,5.400114173326937,-0.15171202230096253,0.19526844255343484,5.405772783546712,-1.6092572191932006,-4.065106799995419,2.6153094581472374,-18.81759453318797,-2.919386918628202,-8.34143159730061,-13.156876991151192,0.1920288026842078,2.608550145799157,-18.46814557197795,-2.8945871253992794,0.8,0.0,0.0,-5.707765369966893e-05,0.0,0.0,-5.775783022408693e-05
0.8499999999999618,4.885754461634456,-0.06530975974168644,0.10022622355685384,5.3427259978411445,-0.1756950622849128,0.22105636342841542,5.350182778067601,-1.8834877888945583,-5.484611394027757,2.7846078301811144,-18.862376197228546,-3.4987227728031933,4.748080365844283,-8.47806208971011,0.4427503128182631,2.776007696827919,-18.402863717510026,-3.4667223467238277,0.8,0.0,0.0,-5.880653007145985e-05,0.0,0.0,-6.082007571744664e-05
0.8999999999999563,5.151493948533872,-0.07477315560736997,0.11159785165556665,5.288191154059703,-0.20280842387241954,0.23055322534622408,5.2970984254010665,-2.1962849747160846,-6.255943716431213,2.8933577548211673,-18.416458053920913,-3.7867487039729566,11.018289125168776,-3.39343140028736,0.9214040353145898,2.885299855191551,-17.97355430124389,-3.755950138268181,0.8,0.0,0.0,-5.7278489819343204e-05,0.0,0.0,-5.970163577028405e-05
0.9499999999999508,5.414644194190308,-0.08560229546744627,0.12296914018511447,5.239360422432058,-0.22984491262356885,0.22153109953510938,5.249076332848247,-2.511891567197391,-6.312131849626832,2.96013427554001,-17.870432903457846,-3.8301595988295216,9.794286168224506,0.4150796727947872,1.3299690202716792,2.9534881643727995,-17.493443621230032,-3.8045630758672484,0.8,0.0,0.0,-5.4326638581481755e-05,0.0,0.0,-5.631027067378461e-05
0.9999999999999453,5.675511765806775,-0.09773038967200177,0.13350571732107086,5.196764870245516,-0.254516151152696,0.1983400048473152,5.2067727380152,-2.8038710347375146,-5.839589350803113,3.0081785168811934,-17.489727778653332,-3.737253580668094,5.522899290889588,2.115986447537561,1.5000100019990477,3.0026759970042,-17.16346837387829,-3.7175436922559904,0.8,0.0,0.0,-5.239604894596955e-05,0.0,0.0,-5.345594501628326e-05
1.0499999999999399,5.934391849435998,-0.11100894887533094,0.14266149161929875,5.159625909433391,-0.27583951447720373,0.16741334786276074,5.169705426045664,-3.06018482507603,-5.126275806770861,3.053601051700553,-17.315863452643242,-3.623999011137729,1.9884031029980231,1.7002056972235131,1.3834967170630332,3.0487476890488647,-17.010416774999687,-3.6095702167063104,0.8,0.0,0.0,-5.2070921624036664e-05,0.0,0.0,-5.212076716315941e-05
1.0999999999999344,6.191529030119908,-0.12527098851887877,0.15019099205787256,5.126822850406775,-0.2939965873620969,0.1340080199730267,5.136993739751947,-3.2820201196272247,-4.436705891024382,3.104516964525708,-17.264268763793694,-3.5834496991400417,0.518999759143653,-0.2988317763774087,1.0123929922428108,3.0999590237113295,-16.960890376662412,-3.573124941036101,0.8,0.0,0.0,-5.2689158549934286e-05,0.0,0.0,-5.1928051270216806e-05
1.1499999999999289,6.447114628128313,-0.14038055980528463,0.15605563759429167,5.0973944491174805,-0.3099719085293165,0.10112961461214652,5.107811659891407,-3.479863963447413,-3.9568768764041957,3.1631408208872327,-17.232098550613063,-3.6718861258488156,0.8044630864088131,-3.0973848793209355,0.4735441102113822,3.158639437702681,-16.923650895074793,-3.6639484742972575,0.8,0.0,0.0,-5.3484395311185226e-05,0.0,0.0,-5.2259885435043064e-05
1.1999999999999234,6.7013000531226705,-0.15626255136746126,0.16031422195348774,5.070714192440852,-0.32514214633203653,0.06978729447265067,5.081607039432733,-3.668872457559832,-3.780169882248803,3.227159511795123,-17.150334418772175,-3.9052268637918077,2.051453765456831,-5.894803050053823,-0.12366135844937334,3.222476500035313,-16.832691579261926,-3.8974697210221296,0.8,0.0,0.0,-5.405317219339719e-05,0.0,0.0,-5.274643684947345e-05
1.2499999999999178,6.954293377545879,-0.17291803687367577,0.16306418937679595,5.053222844600687,-0.3413847658961481,0.04173468299990476,5.064913272638075,-3.8649057384577143,-3.920665617958079,3.2898435434098445,-16.97624912488726,-4.258076565855777,4.642503034091176,-7.763548368542989,-0.6596215338506584,3.2852025325777734,-16.65035370579908,-4.2514533794358575,0.9,0.0,0.0,-5.615428591998055e-05,0.0,0.0,-5.520992547260525e-05
1.2999999999999123,7.20676158230579,-0.19044687121327747,0.16450598772881098,5.045976723929518,-0.3599266552226305,0.016075887462634737,5.0588226624122665,-4.079965321493824,-4.301191660722665,3.338033919867179,-16.652533740121136,-4.664928651628542,6.904548405933853,-8.441481433121455,-1.1059459873676445,3.334055268571511,-16.357067904708714,-4.660528427453675,0.9,0.0,0.0,-5.8617660120796206e-05,0.0,0.0,-5.8224083165075924e-05
1.3499999999999068,7.45892783677748,-0.20895600172541218,0.16464465049305596,5.041107100678925,-0.3805793193319664,-0.010374032463787843,5.055463286323838,-4.317365664965055,-4.748006869425152,3.366058053112697,-16.28504036329129,-5.073629996798311,6.486752248998673,-8.134904136445137,-1.3887028991348385,3.362532174570067,-16.02619664929448,-5.0688298715343745,0.9,0.0,0.0,-5.789305023715204e-05,0.0,0.0,-5.799087229345619e-05
1.3999999999999013,7.710906262301524,-0.22854747118607788,0.16345308685064086,5.038386108395905,-0.40313436646567674,-0.036944866917697945,5.054623311177013,-4.5746385287156315,-5.145457275012079,3.374784896825103,-15.979180314481708,-5.453733352917997,4.854096622769348,-7.323809838813731,-1.5457364152756345,3.371096514951232,-15.727077166769483,-5.445780484149693,0.9,0.0,0.0,-5.715510299501827e-05,0.0,0.0,-5.753552383302234e-05
1.4499999999998958,7.962842009951268,-0.24930909299518206,0.16096683237786477,5.042616932609985,-0.42760656946677106,-0.06108630240667227,5.061083327079074,-4.847002893441957,-5.4472872945271025,3.3668487014707145,-15.749272509810181,-5.788569251208275,3.681082445463167,-6.264067848091492,-1.6122869325664888,3.362625633663144,-15.471177707581756,-5.77705995062705,1.0,0.0,0.0,-5.8338272795413736e-05,0.0,0.0,-5.8860139279180815e-05
1.4999999999998903,8.215350457497848,-0.2713505531519638,0.15740444793693378,5.057766098879047,-0.4538800660975513,-0.08089797584457464,5.0787350302872305,-5.127943589445037,-5.618813920062236,3.3443852647405845,-15.558781500522203,-6.0700191705943265,3.4343732210054982,-5.229477712208044,-1.6333223967542634,3.339824781704844,-15.259106237225307,-6.056397064881013,1.0,0.0,0.0,-6.180885793627736e-05,0.0,0.0,-6.234059588507065e-05
1.5499999999998848,8.468644275582378,-0.2947143277150855,0.15290173023176323,5.073982669595066,-0.48039859400939344,-0.09866788749528066,5.097628693078778,-5.408573189035702,-5.612591991813914,3.3103509640391273,-15.372943750441301,-6.3014544054942725,3.418040824127116,-4.380565595197257,-1.6338078464986372,3.305893458202216,-15.073145348200502,-6.288106406308617,1.0,0.0,0.0,-6.261765265931208e-05,0.0,0.0,-6.30707266575002e-05
1.5999999999998793,8.722770373330013,-0.319398855595528,0.14756897867068347,5.090995648279921,-0.5066385125593135,-0.11405380329987382,5.117414146154342,-5.683168548726201,-5.491907193810584,3.2682270545510708,-15.201684856730173,-6.498899212723465,2.8918491805324837,-3.906058385141301,-1.6538933638198836,3.2640767070808163,-14.91542904771356,-6.486806891113747,1.0,0.0,0.0,-6.265360723103095e-05,0.0,0.0,-6.294159407041635e-05
1.6499999999998738,8.977789363476843,-0.3453841769635379,0.14154551839964857,5.112544434567862,-0.5327405874667557,-0.125440149207922,5.141756349730951,-5.948901601574823,-5.3146610569730335,3.2216453486419936,-15.070734138118903,-6.685315697814394,1.765601142611345,-3.852277902673612,-1.7071812602730265,3.217776424242345,-14.797958405125168,-6.674500740107893,1.1,0.0,0.0,-6.338464335709297e-05,0.0,0.0,-6.347333935276587e-05
1.6999999999998683,9.234223931008648,-0.3726965148656174,0.13513201451324283,5.144402322117658,-0.5593749722662383,-0.1303626854071579,5.176366490227868,-6.2056582633439215,-5.135133235382534,3.1738676860146193,-15.009009721370782,-6.884488776609598,0.337950876689935,-4.233589983481223,-1.7948761258951362,3.1702712404192823,-14.75577336408911,-6.874414207090038,1.1,0.0,0.0,-6.656063908608226e-05,0.0,0.0,-6.643827161709168e-05
1.7499999999998628,9.492227516525235,-0.40132537149808073,0.12858486523402893,5.175195126623742,-0.5854462581574835,-0.13068622564278395,5.209843645388362,-6.454171824038533,-4.970271213892772,3.1277277764681655,-15.01207346443654,-7.113641259672003,-0.9223370313157826,-4.855057901285393,-1.8883154354944434,3.12444154265191,-14.783273005002624,-7.104294126788428,1.1,0.0,0.0,-6.717579345335852e-05,0.0,0.0,-6.691014049931438e-05
1.7999999999998573,9.751728658426817,-0.4312496211861589,0.12215188345702896,5.204206572097086,-0.6112494132047023,-0.12578705527151204,5.241489699834911,-6.698866763462792,-4.893898788485726,3.084870041886292,-15.07435095491346,-7.379800948006494,-2.084003372890403,-5.504780418316146,-1.9709599922524008,3.08177764927616,-14.864468178580871,-7.37046246824933,1.1,0.0,0.0,-6.723616634106483e-05,0.0,0.0,-6.692693722518416e-05
1.8499999999998518,10.012621728043852,-0.46246430813867073,0.11609873167890125,5.23080375265528,-0.6371143775314192,-0.11558035871034986,5.2707287397635465,-6.9444468130436965,-4.911600991618629,3.0457252837850763,-15.187568196397393,-7.678188051782379,-2.9855031387391726,-5.967140162596796,-2.0215267709019438,3.0426220797944863,-14.983861381659072,-7.667873199058479,1.1,0.0,0.0,-6.731103413372668e-05,0.0,0.0,-6.706352294729558e-05
1.8999999999998463,10.274773832984586,-0.49497929244881483,0.11068062915651185,5.254542733186274,-0.6632869520253134,-0.10056262844567587,5.297195650327408,-7.194460051449444,-5.000264768115506,3.009565173616452,-15.335173249335494,-7.9941335499295745,-3.477030971612505,-6.096595478873717,-2.0256193996637952,3.006275858075717,-15.124893250401382,-7.982179248192065,1.1,0.0,0.0,-6.748590314625908e-05,0.0,0.0,-6.737892028506546e-05
1.9499999999998407,10.538036125026572,-0.528812698339743,0.10611473878967115,5.2752309936363,-0.6898434187139033,-0.0817247921994364,5.320772962664725,-7.450308010069994,-5.116959172411566,2.9749624944387323,-15.497552803645203,-8.308025156520673,-3.5915298369424917,-5.857300261327922,-1.9780139163582806,2.971420422314518,-15.274084343677176,-8.294369848609632,1.1,0.0,0.0,-6.770445531576696e-05,0.0,0.0,-6.776866208708472e-05
1.9999999999998352,10.802256267615492,-0.5639814222505363,0.10256147162846332,5.29290869901914,-0.7166609398324744,-0.060287219341072784,5.341546587613921,-7.710966391018742,-5.213167618975513,2.9405963728885736,-15.661872679547027,-8.601904469382008,-3.557843984435825,-5.332870754043537,-1.8850415890954224,2.9368518926724962,-15.426617816207914,-8.587023951640754,1.1,0.0,0.0,-6.786623536803629e-05,0.0,0.0,-6.80754280403734e-05
2.049999999999852,11.06728786880629,-0.6004918210984951,0.10012204701317988,5.30775120945222,-0.7434535051429787,-0.03733864824982754,5.359695904657652,-7.97351001229698,-5.250872425563032,2.9059835356145496,-15.828727870451623,-8.865267974511456,-3.668225845140187,-4.692024785590891,-1.7643068700071953,2.9021517908381846,-15.588511377760065,-8.849890258978784,1.1,0.0,0.0,-6.790495659901779e-05,0.0,0.0,-6.818769016831444e-05
2.0999999999998686,11.332993947801782,-0.6383336115179707,0.09885308868631404,5.319938430882642,-0.7698595785907332,-0.013544509709814273,5.375370883285473,-8.234232016886276,-5.2144400917841685,2.871742061043704,-16.010519097369578,-9.09772861957807,-4.097313514326446,-4.122382872725759,-1.6393434466765673,2.8679339186390234,-15.772936938527495,-9.082531089259778,1.1,0.0,0.0,-6.783311135116683e-05,0.0,0.0,-6.810134173308538e-05
2.1499999999998853,11.599244362267317,-0.6774787618654353,0.09879086445954556,5.329553157013682,-0.7955473053915367,0.010934061942062553,5.388613172446209,-8.489907280561912,-5.113505273511013,2.839317534031039,-16.222784406705088,-9.307709001040957,-4.81278915090077,-3.762723064795489,-1.5314074981212924,2.835596069672796,-15.992581441992915,-9.293141266823024,1.1,0.0,0.0,-6.772468784172857e-05,0.0,0.0,-6.790646888924154e-05
2.199999999999902,11.865909806834962,-0.7178852508322088,0.09997357879247644,5.33654814242092,-0.8202983049053522,0.0362930016011626,5.39934742051037,-8.738724882910743,-4.976352046974964,2.8104104953499487,-16.474947065352985,-9.508251823485947,-5.631344942486024,-3.6628797386197065,-1.4530572675952738,2.8067840503388046,-16.252927166738555,-9.49449491352403,1.1,0.0,0.0,-6.765745087629484e-05,0.0,0.0,-6.771932915018876e-05
2.2499999999999187,12.132855954495156,-0.7595038819546723,0.10245266636029621,5.340780762533563,-0.8440439981315779,0.0628182453650771,5.407429662619873,-8.980610950356459,-4.837721348912682,2.7864076907034705,-16.76616785562328,-9.712062134109393,-6.346431270003702,-3.7831646085297734,-1.406153705082631,2.782844761349969,-16.550140194641582,-9.699067007288921,1.1,0.0,0.0,-6.766751061536324e-05,0.0,0.0,-6.76191125821374e-05
2.2999999999999354,12.399940429160347,-0.8022855848056702,0.10629082740695686,5.342085017956923,-0.8668504004167353,0.09064402033056261,5.412718198299645,-9.216945039660226,-4.726681786073782,2.76800186677115,-17.08711716163937,-9.927683990754435,-6.827036985006069,-4.024933726934596,-1.3838019366957526,2.764451093096812,-16.873587243919484,-9.915246489597166,1.1,0.0,0.0,-6.774346502351175e-05,0.0,0.0,-6.762612282786445e-05
2.349999999999952,12.667013542257326,-0.8461869386404941,0.11155076517554578,5.340344540813349,-0.8888661538450713,0.11963036861701647,5.415133819135193,-9.449886231223726,-4.6588238312684185,2.7550625237003263,-17.424835692851726,-10.157811435051173,-7.046349364345417,-4.274393966412994,-1.374511761391659,2.7514701357283715,-17.210471723788732,-10.145664017673292,1.1,0.0,0.0,-6.784802330079173e-05,0.0,0.0,-6.771511617748912e-05
2.399999999999969,12.933922119044825,-0.8911726678792028,0.1182812689215083,5.335540338800551,-0.9102576486105597,0.14937471736226524,5.414690434365475,-9.681604823618633,-4.634371847896613,2.7467482308153737,-17.767441907602677,-10.399767184097128,-7.0567894424411834,-4.4412765115909245,-1.3667573529989714,2.743071655640044,-17.54994316994285,-10.387671254930204,1.1,0.0,0.0,-6.794320099600471e-05,0.0,0.0,-6.784094313859306e-05
2.4499999999999855,13.200514824332606,-0.9372150597392057,0.1265064388405193,5.327763015326918,-0.931153951571173,0.1793152707841369,5.411493360926204,-9.913675718072284,-4.641417889071472,2.741796360558593,-18.106896439159847,-10.647495395023597,-6.945460439360942,-4.481129508004025,-1.3526017922497588,2.738013282412794,-17.885267612553996,-10.635312010407468,1.1,0.0,0.0,-6.80053214107312e-05,0.0,0.0,-6.796023500246201e-05
2.500000000000002,13.466647270393924,-0.9842912063555949,0.1362210870572795,5.3171938475379745,-0.9516161627707657,0.20886412293635837,5.405714379745957,-10.146779795998532,-4.662081558523373,2.7388795240482,-18.43957730159373,-10.894110521428331,-6.794966350891178,-4.39809371238671,-1.329519383814954,2.734990851886814,-18.213949735335863,-10.881830113422103,1.1,0.0,0.0,-6.802840592934205e-05,0.0,0.0,-6.804387430461579e-05
2.550000000000019,13.732185667516621,-1.032379431784493,0.1473923906493288,5.304068229451506,-0.9716349013386394,0.23751747031464454,5.397557661839366,-10.380730857135102,-4.679021222729849,2.7369081602214216,-18.76529146837007,-11.134108053627013,-6.65992136968404,-4.232419265878857,-1.3002142599620767,2.7329339727472846,-18.536464216479715,-11.121833132252002,1.1,0.0,0.0,-6.802030854047952e-05,0.0,0.0,-6.808096888639825e-05
2.6000000000000356,13.99700853620097,-1.0814561978297115,0.1599658154377783,5.288637177042276,-0.9911501905405171,0.26491416002773766,5.387229473744868,-10.614743799112665,-4.680258839549709,2.735197236454094,-19.0855651333632,-11.36466281897495,-6.559422691282398,-4.040268157586739,-1.2708172797351729,2.7311673422493956,-18.854451896288786,-11.35255639948979,1.1,0.0,0.0,-6.799622367130681e-05,0.0,0.0,-6.807687333365574e-05
2.6500000000000523,14.261006715261953,-1.131494339191104,0.17387253976587236,5.271139088879996,-1.0100826082693086,0.2908388851099987,5.3749196670218975,-10.847807966224439,-4.661283342233927,2.73347859204787,-19.401929538399013,-11.58585934606473,-6.481599327408102,-3.8740195433631848,-1.248370296380307,2.7294211342825436,-19.16909248721453,-11.574081267204019,1.1,0.0,0.0,-6.797235168597428e-05,0.0,0.0,-6.804748079175845e-05
2.700000000000069,14.524082351308218,-1.1824628920296631,0.189035922637519,5.251787444519698,-1.0283641108636503,0.31518461730415265,5.360797090910296,-11.07903369406064,-4.624514556722503,2.7317932738383837,-19.714679484303794,-11.8000503303644,-6.395513976445418,-3.7685239041287386,-1.2385286637451536,2.72772534223196,-19.480083636765123,-11.788704432638069,1.1,0.0,0.0,-6.796101409417547e-05,0.0,0.0,-6.8012030761285e-05
2.7500000000000857,14.78614766788646,-1.2343282663379316,0.20537554606295924,5.230773525319383,-1.045960001968594,0.33789734349031947,5.345016240727255,-11.307881787198701,-4.576961862759648,2.7303235324479336,-20.022335020321584,-12.010738135884193,-6.265710076434301,-3.7356447569146285,-1.2441530937679992,2.726246565467496,-19.78536688592758,-11.99984517693095,1.1,0.0,0.0,-6.796783879802867e-05,0.0,0.0,-6.79865620132996e-05
2.8000000000001024,15.047124139276532,-1.2870561997732402,0.22280853007070633,5.2082786142465665,-1.0628781039668411,0.35892548132084956,5.327729674885137,-11.5342415228062,-4.527194712148495,2.729224943807771,-20.321806009107735,-12.221405725818354,-6.064931967577514,-3.766412984961232,-1.2649780755943725,2.725125597262312,-20.081501000694335,-12.21090489506151,1.1,0.0,0.0,-6.799131969667528e-05,0.0,0.0,-6.797975395631525e-05
2.850000000000119,15.306942360145218,-1.3406138527024756,0.24124877413428727,5.184488430320351,-1.0791657277528872,0.3781889961033308,5.309100288076657,-11.75837446236803,-4.482658791235075,2.728504284140212,-20.609064829342095,-12.434624828200452,-5.7819507759749325,-3.838240761244966,-1.2981926985457874,2.724359635635373,-20.36442205290817,-12.424397678518115,1.1,0.0,0.0,-6.802449329860471e-05,0.0,0.0,-6.799191590103342e-05
2.900000000000136,15.565542557547724,-1.3949715117585335,0.26060528181674525,5.159603580118546,-1.0948979155903904,0.39557340102104677,5.289308921317761,-11.980771382090872,-4.4479383944553765,2.7279683960700902,-20.880027494553822,-12.651612306048898,-5.422792965969092,-3.923938517529238,-1.339523829830318,2.723752990182308,-20.63027805577462,-12.641516820066176,1.1,0.0,0.0,-6.805808765679182e-05,0.0,0.0,-6.801692444067293e-05
2.9500000000001525,15.822875447393944,-1.4501035915251532,0.28078074050983215,5.133842704832776,-1.1101619989738383,0.4109444170028223,5.268555389838479,-12.201982234902784,-4.4242170562367535,2.72724468945619,-21.131321876357436,-12.87223961187459,-5.006189085530079,-3.999695014943323,-1.384445095554251,2.7229368229972435,-20.87606083296626,-12.862142274568674,1.1,0.0,0.0,-6.808396524089109e-05,0.0,0.0,-6.804586226408703e-05
3.000000000000169,16.078903059541624,-1.5059888711129195,0.30167115070145994,5.107438416290877,-1.125043121135828,0.42417328620039924,5.247053666329795,-12.422469323056784,-4.409741763078529,2.725853738982743,-21.360715811771612,-13.095379467103772,-4.555654316101827,-4.050193498959089,-1.4291704870296986,2.7214390852824106,-21.09987849218221,-13.085176411332272,1.1,0.0,0.0,-6.80977096789222e-05,0.0,0.0,-6.80707840848925e-05
3.050000000000186,16.33359923010315,-1.562610104972082,0.3231667503572509,5.080628681150536,-1.1396140337417549,0.4351615187159264,5.225023778797733,-12.642514907015599,-4.40091167917484,2.7233036270014233,-21.56712433823472,-13.319416393453984,-4.091469483018436,-4.070340616957153,-1.4712346870567667,2.718775651898648,-21.300854613867834,-13.309040255732295,1.1,0.0,0.0,-6.809958121065512e-05,0.0,0.0,-6.808724078834686e-05
3.1000000000002026,16.586949626244195,-1.6199532661779679,0.345153972610657,5.053647336687157,-1.1539306609610782,0.44385655514581324,5.202683539814542,-12.862192820448293,-4.39355826865239,2.7191771699084,-21.75028383643877,-13.542754030266176,-3.6257581045488245,-4.064050821020236,-1.5096010363658998,2.714535131267048,-21.47877302303012,-13.532168761120612,1.1,0.0,0.0,-6.809359021472139e-05,0.0,0.0,-6.809480989895313e-05
3.1500000000002193,16.838951339037685,-1.6780067121899878,0.3675178802109874,5.026716655500565,-1.1680331655197003,0.45025522635084114,5.1802424247613175,-13.081395940037858,-4.384062391789834,2.7131918496566265,-21.910286989393715,-13.764198654664002,-3.161632400895594,-4.041223042630219,-1.5443933354796613,2.70843766496934,-21.633652166970112,-13.753386914817497,1.1,0.0,0.0,-6.808544789521545e-05,0.0,0.0,-6.809602992585759e-05
3.200000000000236,17.089612190100222,-1.7367605101341679,0.39014449152146585,5.000043366053681,-1.1819509325715776,0.4543966983203058,5.15789860591197,-13.299899790098005,-4.370077001201485,2.705225628546596,-22.047184411266503,-13.983161887229352,-2.6960665652396933,-4.014026125270862,-1.5763944651768755,2.7003610050165854,-21.765418230078446,-13.972111104387599,1.1,0.0,0.0,-6.808024901184115e-05,0.0,0.0,-6.809452801943199e-05
3.2500000000002527,17.33894992181054,-1.7962060666358104,0.41292259135210807,4.973817791714194,-1.1957093646993573,0.45634990676448983,5.135838738454154,-13.51744027744233,-4.35080974688505,2.6953106898706167,-22.160783298183617,-14.199680592247914,-2.2242068725227457,-3.9935251233743982,-1.6065061535124339,2.690335218784873,-21.87376879860974,-14.188371539828042,1.1,0.0,0.0,-6.808095415332319e-05,0.0,0.0,-6.809344082610868e-05
3.3000000000002694,17.586991397340366,-1.856336098442405,0.43574488914675996,4.94821483390066,-1.2093364100754231,0.4562008295713674,5.1142393170509965,-13.733785670561014,-4.326907862372243,2.683602962983331,-22.250659923379782,-14.41429005406575,-1.7430238081797662,-3.9872634570724346,-1.6353109607099023,2.6785134865599725,-21.958222357666855,-14.402690565166665,1.1,0.0,0.0,-6.808800638441265e-05,0.0,0.0,-6.80946395009321e-05
3.350000000000286,17.833771866012363,-1.9171448875812251,0.4585086208154428,4.923395389483934,-1.2228672273183432,0.454043350880092,5.093268280909552,-13.948788318683242,-4.30005296244314,2.6703378918900342,-22.316313449787135,-14.627808857888672,-1.2530551476222513,-3.9982072739896726,-1.6628297969429144,2.665128917821898,-22.018280046905172,-14.615872731626459,1.1,0.0,0.0,-6.809994722760154e-05,0.0,0.0,-6.809875294425334e-05
3.400000000000303,18.07939051193294,-1.9786435195465168,0.4811397101358187,4.904987010554082,-1.2377909990369254,0.4523010128304329,5.078936929831728,-14.16309048894561,-4.286043405245893,2.6559014651185096,-22.34790422857871,-14.841860680739156,0.11693173855643083,-4.0684820047350305,-1.6867168357042193,2.650516597872865,-22.04983101893986,-14.829066058879983,1.2000000000000002,0.0,0.0,-6.969745693845868e-05,0.0,0.0,-6.966030341873155e-05
3.4500000000003195,18.324402510597103,-2.0409648214796166,0.5037559944099042,4.895741834037837,-1.2549016193781446,0.45200679603576466,5.074187257436266,-14.37681753201516,-4.274540861389579,2.6392786028133495,-22.297014671678358,-15.051326203855353,1.093376997761431,-4.010120925498989,-1.6954893392544865,2.6350732467487874,-22.041834341237642,-15.042264737425986,1.2000000000000002,0.0,0.0,-7.23358083401629e-05,0.0,0.0,-7.235087910015813e-05
3.500000000000336,18.568973476204683,-2.1041429674404095,0.5263138275604904,4.887268392174167,-1.2720491029806673,0.4501951212209292,5.070125925922325,-14.589142096491168,-4.2464912895187705,2.621710693453968,-22.261631496863252,-15.26052976339423,-0.3118802214742623,-4.031645892082493,-1.7032807770901446,2.6182951319931376,-22.059212702734836,-15.253071933221124,1.2000000000000002,0.0,0.0,-7.17745001665892e-05,0.0,0.0,-7.177300427015185e-05
3.550000000000353,18.813127277308222,-2.1681766014991304,0.5487777947103829,4.878918379212987,-1.2890984986300789,0.4485664887553492,5.066244307672786,-14.800358504364079,-4.224328157456777,2.607921638203421,-22.32341366992579,-15.480520905568644,-2.469236323816025,-4.235036877189361,-1.6974785603006886,2.6044918898844736,-22.146052488097673,-15.472130142197042,1.2000000000000002,0.0,0.0,-7.119306213173907e-05,0.0,0.0,-7.111073970704375e-05
3.6000000000003696,19.05684974673442,-2.2330582524889824,0.5712001766850542,4.869906891898227,-1.305970828639466,0.4486996009261694,5.061905201886578,-15.01188989260241,-4.23062776476524,2.601427063980501,-22.474215730724016,-15.719380871505301,-3.6989973231019118,-4.527608829436822,-1.6840571800711441,2.5974214876525914,-22.285666086476404,-15.708878992339447,1.2000000000000002,0.0,0.0,-7.134971103083967e-05,0.0,0.0,-7.120822470529376e-05
3.6500000000003863,19.300094248636594,-2.2987802323682485,0.5936855057676911,4.859779134307304,-1.322734358631422,0.45101447448986576,5.056727545948278,-15.225925481894594,-4.2807117858422234,2.6012752257516967,-22.646057800217918,-15.972865564417695,-3.339093932925026,-4.690195138738681,-1.6643961533516798,2.596581183898926,-22.42469028480073,-15.96051123756153,1.2000000000000002,0.0,0.0,-7.200293867208886e-05,0.0,0.0,-7.189901452483424e-05
3.700000000000403,19.542805008342523,-2.3653407246686973,0.6163252868549352,4.848626957733195,-1.3395346655402427,0.45463740195283314,5.050765453146235,-15.443928255797857,-4.360055478063822,2.6026039412408033,-22.767326933445823,-16.225635840793206,-1.8350074467131823,-4.570774421736518,-1.6345207467622704,2.5974768619950064,-22.5136163828713,-16.21249703906624,1.2000000000000002,0.0,0.0,-7.26598912228836e-05,0.0,0.0,-7.267841711822396e-05
3.7500000000004197,19.784942888541526,-2.432744377351124,0.6391473124003946,4.8369770697167835,-1.3564647400881178,0.45804883223286413,5.044417954212178,-15.665433253836195,-4.4300999607652765,2.5999184412470324,-22.80693591495696,-16.460558939867102,-0.22700215743392183,-4.19135001392015,-1.5930012245948393,2.594729142979472,-22.535943651900777,-16.447682853021124,1.2000000000000002,0.0,0.0,-7.295104378936669e-05,0.0,0.0,-7.310193088754827e-05
3.8000000000004364,20.026499389653683,-2.500997204732321,0.6621063611168506,4.8254678884336695,-1.3734817062213838,0.45998112135118263,5.038171788618247,-15.888039598524275,-4.452126893760103,2.5903482659882977,-22.78352253079754,-16.668469861075703,0.6503701896102752,-3.7176933638184355,-1.5467998399182135,2.5853417130850698,-22.511098334354635,-16.65635713594786,1.2000000000000002,0.0,0.0,-7.28307292651716e-05,0.0,0.0,-7.304858167039608e-05
3.850000000000453,20.267494105857605,-2.5700998200444283,0.6851130842933777,4.81455006703793,-1.3904247843522148,0.45997158974552493,5.0323699478803094,-16.108527709612282,-4.409762221758676,2.5746120565385304,-22.74021694682575,-16.85180174998718,0.6525290763395336,-3.344115648094581,-1.508500377942751,2.5698397978921736,-22.474064656589476,-16.840442376090607,1.2000000000000002,0.0,0.0,-7.252281729059011e-05,0.0,0.0,-7.271500358689806e-05
3.9000000000004698,20.507961641146277,-2.6400437253330384,0.7080757187317325,4.804375264346784,-1.4071086108021187,0.45833105206792796,5.027130759842079,-16.324287356819493,-4.315192944142801,2.5557154920241123,-22.7117720700621,-17.021381116926015,0.17219333411682333,-3.189566961972475,-1.4894019363092745,2.551116408907054,-22.451436067656253,-17.01057759202672,1.2000000000000002,0.0,0.0,-7.228150171343636e-05,0.0,0.0,-7.238106018497933e-05
3.9500000000004865,20.74793778517595,-2.7108126364518568,0.7309293314067701,4.7948616977299405,-1.423418945889315,0.45574012084758003,5.022401741559954,-16.53422705443909,-4.198793952390486,2.5369668524022413,-22.709211780280576,-17.190270933189055,-0.31226254882428184,-3.2630786813615478,-1.4944245955080073,2.5324659979645765,-22.450898988224395,-17.179864350394467,1.2000000000000002,0.0,0.0,-7.221463435264688e-05,0.0,0.0,-7.220489834357167e-05
4.000000000000503,20.987451137376098,-2.782387409123819,0.7536432745959917,4.785826368015311,-1.439356390737358,0.4528348038480337,5.01806139897901,-16.738869606122663,-4.092851033670134,2.520609041828161,-22.724620469711198,-17.368638587233946,-0.5425006064311303,-3.4915626344110615,-1.5206671904189586,2.5161595552622704,-22.46533154453504,-17.358532100548764,1.2000000000000002,0.0,0.0,-7.228143215294592e-05,0.0,0.0,-7.218897459177491e-05
4.050000000000475,21.226520960782633,-2.854751599853145,0.7762125952214106,4.777091954764845,-1.4550209340552671,0.4499934827222149,5.013999162077168,-16.939843717996553,-4.019482237480014,2.50739853604875,-22.744108482926674,-17.56135361558413,-0.5138606856735629,-3.7711451820014856,-1.5592659199993089,2.502972661051972,-22.482758687790817,-17.551438654943865,1.2000000000000002,0.0,0.0,-7.23861427794825e-05,0.0,0.0,-7.225802246414595e-05
4.100000000000447,21.46515897525677,-2.9278952469895185,0.7986443074710223,4.768537635196651,-1.4705618307368797,0.4473302060563119,5.01015045578049,-17.139157160670706,-3.986268853485313,2.4968487297023714,-22.757566909378404,-17.768047114135417,-0.3460716949937048,-4.0098728395004954,-1.5992328681428385,2.492415379978601,-22.493957964148752,-17.75815472792985,1.2000000000000002,0.0,0.0,-7.246143323390769e-05,0.0,0.0,-7.234336429337121e-05
4.15000000000042,21.703372518271483,-3.0018159266256683,0.8209464064672617,4.76010759926535,-1.4861232804833346,0.4447902303455502,5.006498288263877,-17.33855780754663,-3.9880129375206455,2.4877305660549878,-22.761154298787094,-17.984568644494605,-0.14674427782861674,-4.149804560952884,-1.631235583396375,2.4832485160812734,-22.494759406213106,-17.97449543305424,1.2000000000000002,0.0,0.0,-7.24947048136278e-05,0.0,0.0,-7.241816479852286e-05
4.200000000000392,21.941167608467538,-3.0765174460567475,0.8431220245140927,4.751802494782846,-1.501806286817984,0.4422478652177499,5.003062286923895,-17.539131054345354,-4.0114649359767505,2.478565486203903,-22.754838181396813,-18.204892166970563,0.04322762747768913,-4.171603841858278,-1.6498288736773028,2.473996848807056,-22.484610344564995,-18.194474815226332,1.2000000000000002,0.0,0.0,-7.250692897036655e-05,0.0,0.0,-7.248521115316264e-05
4.250000000000364,22.178551484398113,-3.152007200874899,0.8651675484584008,4.74366805044678,-1.5176531898744074,0.4395658404934707,4.999887589305808,-17.741159074587085,-4.040560404836867,2.468018574673543,-22.739347086211833,-18.422929210266656,0.22641491227278623,-4.088797226459784,-1.6539064856161647,2.463348649705095,-22.464428911160958,-18.41211111621971,1.2000000000000002,0.0,0.0,-7.251922307039991e-05,0.0,0.0,-7.254920528076622e-05
4.300000000000336,22.415534529783525,-3.2282932708245418,0.8870728752904978,4.73578129564073,-1.5336514259505614,0.4366255445358094,4.997034424796569,-17.9442028425797,-4.060875359854533,2.4551788471979723,-22.715124735849624,-18.633978743670014,0.4030529783060914,-3.9373250361071657,-1.6459986545295204,2.4504256172546452,-22.435594260129168,-18.622827235131556,1.2000000000000002,0.0,0.0,-7.253552409710489e-05,0.0,0.0,-7.260225995644346e-05
4.350000000000309,22.652131365094526,-3.3053820379666017,0.9088229220894799,4.728230715214737,-1.5497492652577027,0.43334980780214233,4.994565099925018,-18.147340905361517,-4.062761255638625,2.439710237117304,-22.683081037483674,-18.835623033902248,0.5506983078929979,-3.76276293338916,-1.630931208077141,2.4349168203836133,-22.400040776459992,-18.824292338372842,1.2000000000000002,0.0,0.0,-7.254707186917803e-05,0.0,0.0,-7.262966412073953e-05
4.400000000000281,22.888658483818066,-3.383378851529023,0.9305319980927814,4.733583249226044,-1.5701709734056195,0.4352672938180071,5.006166685214007,-18.351134341528066,-4.075868723333214,2.420685786342396,-22.63267431533223,-19.024023615663687,1.0139008619920533,-3.504741519411949,-1.6124332067978762,2.4164681366610585,-22.365813832750316,-19.014618294704213,1.3000000000000003,0.0,0.0,-7.597063789284387e-05,0.0,0.0,-7.608516248726862e-05
4.450000000000253,23.12549454061719,-3.462407573605726,0.9523505726416167,4.739770277499233,-1.5907298053350944,0.43753417282241264,5.0186930319988665,-18.552436010400513,-4.026033377451192,2.3989242551075542,-22.59300113107761,-19.202274958881222,0.05669896446501379,-3.379179675102762,-1.595692358227364,2.3953315312061414,-22.3669327314903,-19.194247541217916,1.3000000000000003,0.0,0.0,-7.661969402975486e-05,0.0,0.0,-7.669421954399015e-05
4.500000000000226,23.362630196542984,-3.542455511417388,0.9743071742808156,4.745450875367764,-1.6109005375742902,0.44102713206427585,5.0307861695467295,-18.75040087296654,-3.9592972513227065,2.379424424079702,-22.63037248222735,-19.384148472574896,-1.87225898497382,-3.515434989805753,-1.5770582607303423,2.3760522202018843,-22.43870939994535,-19.37602580258384,1.3000000000000003,0.0,0.0,-7.619884500399855e-05,0.0,0.0,-7.615804135632995e-05
4.550000000000198,23.600020320057777,-3.623497688972617,0.996500249248767,4.749825978095977,-1.6304851706054864,0.4471676171073306,5.041754416029132,-18.94594241478986,-3.9108308364686066,2.367447589170878,-22.76238854159484,-19.584382402346595,-3.5630792428305638,-3.8680142051158506,-1.5575851351647483,2.363851933554772,-22.581080999222827,-19.57506017127112,1.3000000000000003,0.0,0.0,-7.611519593553466e-05,0.0,0.0,-7.595903038082773e-05
4.60000000000017,23.837580863664233,-3.705503422610629,1.0190846546648664,4.7521981083223235,-1.6494608519969522,0.4566768154980663,5.051006006413598,-19.141596121116024,-3.9130741265254136,2.36502324156971,-22.953373065225772,-19.808157017192702,-4.201368242727576,-4.2364109462250905,-1.5360863770779658,2.3609765807275545,-22.759570965714136,-19.797386432537166,1.3000000000000003,0.0,0.0,-7.64771204097233e-05,0.0,0.0,-7.62878968586768e-05
4.6500000000001425,24.075201967150214,-3.788445244814461,1.042223752041821,4.752260225983324,-1.667964187374175,0.46917500738118756,5.058281029497769,-19.34022367798931,-3.9725511374679683,2.369945798520018,-23.14671605648534,-20.047893926679187,-3.747509007881203,-4.411343405181817,-1.5066334809893773,2.365471565987036,-22.930340981127905,-20.036072405804376,1.3000000000000003,0.0,0.0,-7.700647576596023e-05,0.0,0.0,-7.688775885377121e-05
4.700000000000115,24.31277019977424,-3.872304223346077,1.0660382638610155,4.75016219840443,-1.6861768247902178,0.48343174299652797,5.063688324309336,-19.543461674224503,-4.064759924706088,2.3774483279915812,-23.300999492866517,-20.288100182317113,-2.769831070498912,-4.3028961697580845,-1.462549847697397,2.372725207920506,-23.065686159010106,-20.275845993676057,1.3000000000000003,0.0,0.0,-7.739261140496269e-05,0.0,0.0,-7.740312089265547e-05
4.750000000000087,24.550188168773445,-3.957068932012147,1.0905793024530042,4.746352815983211,-1.7042012491666532,0.49801395060403286,5.0675620219637345,-19.75092452999305,-4.149257115373229,2.3831043110650487,-23.409060420458665,-20.514095772451437,-1.9806074091336845,-3.9734666638066076,-1.4033075642742177,2.3783265236463715,-23.165369389124155,-20.501888585478977,1.3000000000000003,0.0,0.0,-7.74823989934512e-05,0.0,0.0,-7.760890747791606e-05
4.800000000000059,24.787382990479124,-4.042729643385056,1.115834848527286,4.74132064058321,-1.7220022081207624,0.5119048711448011,5.070252421595491,-19.960536339350195,-4.192236187145199,2.384951384417099,-23.492698391988434,-20.718838898035706,-1.7840744215959696,-3.5784056635280574,-1.3368456279006804,2.38023663207134,-23.25008794622767,-20.70690222360785,1.3000000000000003,0.0,0.0,-7.733088432092474e-05,0.0,0.0,-7.750756208083935e-05
4.850000000000032,25.02430268815989,-4.129271859617509,1.1417590299547524,4.735392235897144,-1.7394362578964542,0.524768212314917,5.0719778981908,-20.169634398819056,-4.181961189379555,2.3837819126697157,-23.582112082718943,-20.90452240938008,-2.1397140562936836,-3.2721362384139443,-1.2755057743411835,2.3791648338716294,-23.34496329967181,-20.892917546523943,1.3000000000000003,0.0,0.0,-7.710692423104196e-05,0.0,0.0,-7.725806789411714e-05
4.900000000000004,25.26090589676895,-4.216672880459285,1.1683042791177105,4.728668622196051,-1.7563339841820909,0.5368220443373047,5.0727895589922625,-20.376130188545243,-4.129915794525997,2.3820380534975762,-23.69753199601178,-21.079645541237895,-2.7478694219871405,-3.1416949912033134,-1.2299874646317945,2.3775099034318314,-23.465784828899327,-21.068394599410585,1.3000000000000003,0.0,0.0,-7.695240853897768e-05,0.0,0.0,-7.702816085889349e-05
4.949999999999976,25.497151532891753,-4.304902597559276,1.1954412717367584,4.721076166619169,-1.7725782077509897,0.5485194356320644,5.072619367238132,-20.579179786618592,-4.0609919614692895,2.3823879616022356,-23.843267822224337,-21.254429879600142,-3.3115372027042436,-3.191547592798421,-1.205336447525581,2.377928953711606,-23.614930672412783,-21.243550137560213,1.3000000000000003,0.0,0.0,-7.691252014683847e-05,0.0,0.0,-7.690178478525401e-05
4.9999999999999485,25.732992430422943,-4.393927260761509,1.2231629025493302,4.712462214875565,-1.7881418632801578,0.5602587176854131,5.071354974815651,-20.779229115157055,-4.000986570771455,2.3867256045781766,-24.012210671833994,-21.437049506295754,-3.676918546223559,-3.3664241307993286,-1.2001225850520474,2.3823118553336253,-23.785209487699266,-21.426517568009853,1.3000000000000003,0.0,0.0,-7.695573697042828e-05,0.0,0.0,-7.687892875558411e-05
5.049999999999921,25.9683736514941,-4.483713985818801,1.2514771248895828,4.70268016097823,-1.8030818602030065,0.5722335394609753,5.068900878369531,-20.977612773818258,-3.967673173226242,2.395773248449782,-24.19346012436804,-21.631706877059223,-3.829931736772499,-3.5873942916168984,-1.2082545092729857,2.391370515097799,-23.96612995738559,-21.621424924351228,1.3000000000000003,0.0,0.0,-7.702862403967654e-05,0.0,0.0,-7.692146710084831e-05
5.099999999999893,26.203234259403242,-4.574234179631915,1.2803958544111937,4.691641995302847,-1.8175057691389176,0.5844163960519205,5.065212172941706,-21.175981885741074,-3.9673822384584847,2.4091462752158583,-24.377605355816392,-21.838453395743866,-3.8243233467388555,-3.7823952866654844,-1.2219794233783152,2.404708099181451,-24.148466793588927,-21.82826159494636,1.3000000000000003,0.0,0.0,-7.709485402338171e-05,0.0,0.0,-7.699295610034657e-05
5.149999999999865,26.43751090313036,-4.665465062072661,1.3099251923433715,4.679339824892464,-1.831532224543396,0.5966164023221773,5.060304597342474,-21.375784875314185,-3.996059791464451,2.425675749070463,-24.55835212671712,-22.054175447443836,-3.718699945467474,-3.904383936821311,-1.2346447130936964,2.4211534769810195,-24.325999833538425,-22.043906529032313,1.3000000000000003,0.0,0.0,-7.714325804770067e-05,0.0,0.0,-7.707204633363982e-05
5.199999999999838,26.671141882305644,-4.757389382025841,1.3400592107353924,4.665845253022173,-1.8452599642783305,0.6085568467712275,5.054249469176423,-21.57792808261294,-4.042864145977352,2.4438315533474575,-24.731974557116295,-22.274134034218463,-3.5541185969327054,-3.937263568048511,-1.2423507567415277,2.4391913117931203,-24.495362012817004,-22.263676803107245,1.3000000000000003,0.0,0.0,-7.717620251862757e-05,0.0,0.0,-7.714678820554469e-05
5.24999999999981,26.904070778149503,-4.849993951017849,1.37077748142465,4.65129367864483,-1.8587517198140544,0.6199450553722167,5.047159865963582,-21.782656201912165,-4.094562385986763,2.4621395744615673,-24.896494802725208,-22.493563779607683,-3.361386688027053,-3.8927741257073576,-1.2444164556577773,2.4573752395004913,-24.655338198952798,-22.482900815685124,1.3000000000000003,0.0,0.0,-7.71963840314762e-05,0.0,0.0,-7.720613090413073e-05
5.299999999999782,27.1362490167711,-4.943267746278843,1.4020457328642315,4.635858155377934,-1.872032487229855,0.630527432956517,5.039171689250014,-21.98963162019539,-4.1395083656668215,2.4795096856941257,-25.051418755128285,-22.708954305679043,-3.1715133421344537,-3.8012518492269103,-1.242880256576186,2.474643811238484,-24.806300917504434,-22.698158179625707,1.3000000000000003,0.0,0.0,-7.720265734989935e-05,0.0,0.0,-7.723897090865952e-05
5.3499999999997545,27.36763697635309,-5.037200209647368,1.4338188445259143,4.61971851044625,-1.8850982006750667,0.6401275722442692,5.03042320791158,-22.198150016779717,-4.170367931688818,2.4954090827682878,-25.19771454295819,-22.918757572098976,-3.0132407323485646,-3.6997627839975666,-1.2414160369107716,2.490481153528851,-24.94973047490687,-22.907951642902255,1.3000000000000003,0.0,0.0,-7.719411830466696e-05,0.0,0.0,-7.723988249729799e-05
5.399999999999727,27.598203600089985,-5.131780140672601,1.46604522506813,4.603033907587619,-1.8979299872349458,0.6486627668808078,5.0210380177792375,-22.40740832715949,-4.185166207597851,2.509853354818591,-25.337392280982154,-23.12342811046479,-2.900481892142051,-3.6208270212361175,-1.2440006972787103,2.504901839805314,-25.087539780040455,-23.112732993329267,1.3000000000000003,0.0,0.0,-7.717527883683241e-05,0.0,0.0,-7.721434793633869e-05
5.449999999999699,27.827924902470112,-5.226995348968356,1.4986713722998075,4.585927026760108,-1.9105095572511235,0.6561348056980394,5.011116277474021,-22.616741763245923,-4.186668721730926,2.5232443644545253,-25.472511894276177,-23.324900900364803,-2.823379009209546,-3.5847325698161407,-1.2537292859750384,2.518291292641999,-25.221193331059055,-23.314389501808588,1.3000000000000003,0.0,0.0,-7.715632060195458e-05,0.0,0.0,-7.717760368123641e-05
5.499999999999671,28.05678206967052,-5.322833025117727,1.5316453775682997,4.568483580896236,-1.922832101077216,0.6625985621605829,5.000736183046331,-22.82577127136288,-4.180590162341415,2.5361332757385804,-25.604060388530495,-23.525770458610626,-2.7520640498516404,-3.5968684842083505,-1.272070043357501,2.531177506367851,-25.35094782655277,-23.5154468360711,1.3000000000000003,0.0,0.0,-7.714826679872256e-05,0.0,0.0,-7.714754913015233e-05
5.549999999999644,28.284759881055837,-5.419280638009397,1.564918545535294,4.550764585315801,-1.9349141453188565,0.6681207789741537,4.989963570610163,-23.034440733276035,-4.1733892382655,2.5489988816547746,-25.731330679604294,-23.728478981576444,-2.651545771246112,-3.649807789915395,-1.2986892529708909,2.544018755895248,-25.47559522848683,-23.718282584102006,1.3000000000000003,0.0,0.0,-7.715707876857378e-05,0.0,0.0,-7.713652304288887e-05
5.599999999999616,28.511845914588385,-5.516327068994773,1.5984450545361442,4.5328239682596125,-1.9467951895919837,0.6727454071352795,4.978864430798344,-23.242960502247374,-4.170395379429042,2.5621068920610592,-25.8521136803702,-23.934745932216767,-2.497900161503681,-3.72830898997231,-1.331762270804626,2.5570691291138106,-25.592827613914864,-23.924574125431366,1.3000000000000003,0.0,0.0,-7.718099317940484e-05,0.0,0.0,-7.714703827036329e-05
5.649999999999588,28.738030594549645,-5.613963678391738,1.6321803149763139,4.514723504551252,-1.9585336350557319,0.6764772593101336,4.967514851971346,-23.451697448125113,-4.174738917557127,2.5754707352148465,-25.96352784378864,-24.145332169201364,-2.2870812324798035,-3.8149787765226875,-1.3685914613627654,2.570340842877166,-25.700010233271534,-24.135069509190267,1.3000000000000003,0.0,0.0,-7.721221605347975e-05,0.0,0.0,-7.71729174684013e-05
5.6999999999995605,28.963307801372363,-5.712185060966331,1.6660790476980223,4.49653996758567,-1.9701988100915595,0.679286542995251,4.956004967600009,-23.661055051428733,-4.187152066074685,2.588894383028991,-26.063007711653366,-24.36010183434066,-2.0330472097375694,-3.8948723327307078,-1.406320893767505,2.5836445801375953,-25.794974911063726,-24.34964527363774,1.3000000000000003,0.0,0.0,-7.72413946429635e-05,0.0,0.0,-7.720410169678412e-05
5.749999999999533,29.187675622983434,-5.810989355111176,1.7000939914883875,4.478363966609365,-1.9818615939242052,0.6811277129387316,4.94443668745289,-23.871375109367726,-4.206401158782197,2.602059431797844,-26.148982815442185,-24.578274697115884,-1.7585844991398294,-3.958167651404255,-1.442529696053831,2.596672246962096,-25.87649845169326,-24.567548453242907,1.3000000000000003,0.0,0.0,-7.72619333960868e-05,0.0,0.0,-7.723180744162953e-05
5.799999999999505,29.411136892099403,-5.910378104893197,1.7341756921730183,4.4602932666718615,-1.993586244120314,0.6819620274320894,4.932917427276011,-24.082878359266765,-4.230064997983119,2.6146187393141163,-26.22102855501193,-24.79874947188807,-1.484564702142337,-4.000996497964979,-1.4756066703346458,2.6090865206979164,-25.944341224567047,-24.787708216707774,1.3000000000000003,0.0,0.0,-7.727218769388115e-05,0.0,0.0,-7.725162254017799e-05
5.849999999999477,29.633699445768535,-6.0103558117940965,1.7682730251177565,4.442433253421846,-2.0054276493577516,0.6817523012492223,4.921558642155488,-24.295630146822436,-4.255035751115779,2.6262741039517956,-26.27960544567527,-25.020410350504097,-1.226301595304327,-4.024834319136428,-1.5048535903664402,2.6205961836330802,-25.9989736713,-25.00903438191665,1.3000000000000003,0.0,0.0,-7.72732417405571e-05,0.0,0.0,-7.726201873853467e-05
5.89999999999945,29.855376758468505,-6.110929570894296,1.8023325320025023,4.424895348806053,-2.0174326702124237,0.6804651345816114,4.910475152783795,-24.509559656987435,-4.278590203302343,2.636829115148268,-26.325778939708087,-25.24236653072402,-0.9890121081860794,-4.034787780657824,-1.5303617664025968,2.6310070870813775,-26.041312461459555,-25.230649421270375,1.3000000000000003,0.0,0.0,-7.726789819010223e-05,0.0,0.0,-7.726389014463676e-05
5.949999999999422,30.07618699304964,-6.212108332934019,1.8363016440112934,4.407757893778692,-2.0296296349763234,0.6781587845628986,4.899757692215231,-24.724538119223208,-4.299569244717849,2.646202912923257,-26.360325091036508,-25.464069619931923,-0.760385371282489,-4.038327345679918,-1.5527234963164966,2.6402373568322752,-26.07198943987172,-25.45200632994449,1.3000000000000003,0.0,0.0,-7.726671844128281e-05,0.0,0.0,-7.726656195772108e-05
5.999999999999394,30.296151859798172,-6.31390221340734,1.870131334630803,4.391085963768663,-2.0420381708095836,0.6749113491126222,4.889484754185306,-24.940393050039827,-4.31709861633482,2.6544378525088863,-26.383414383074335,-25.685378173832774,-0.530533955476531,-4.043386998859814,-1.5726884151237368,2.648327382726766,-26.09110560296823,-25.672958759607415,1.3000000000000003,0.0,0.0,-7.727310999759058e-05,0.0,0.0,-7.727302090303132e-05
6.0499999999993666,30.515296074009886,-6.416322218426512,1.903776625383562,4.374935178432705,-2.054675198343418,0.6708049114015197,4.8797261414280175,-25.15695646735334,-4.331268346272644,2.661692135155146,-26.394852966672246,-25.90654232492012,-0.2954874367316031,-4.056527814979596,-1.590912337544142,2.6554331139931002,-26.09844401678778,-25.893748976761295,1.3000000000000003,0.0,0.0,-7.728639789925112e-05,0.0,0.0,-7.728306346431995e-05
6.099999999999339,30.733646935629146,-6.519380234752485,1.9371965717219641,4.359353615063589,-2.0675596580149094,0.6659179433915083,4.8705455123578805,-25.374108217345306,-4.343034999841714,2.6682089354673675,-26.394370182674805,-26.128098079544305,-0.0562757100827657,-4.08149245887532,-1.6077564830407374,2.6617954129691026,-26.093731013763943,-26.114903882418346,1.3000000000000003,0.0,0.0,-7.730460294814893e-05,0.0,0.0,-7.729589763719888e-05
6.149999999999311,30.951233979861208,-6.623089212630251,1.970353993768963,4.34438276405756,-2.080715398973615,0.6603224878082218,4.862002052660157,-25.591803963035577,-4.353914913807861,2.6742698763738173,-26.38181515567219,-26.350702765855768,0.18351696132292833,-4.118717808195199,-1.6231950937613608,2.667694207364752,-26.076830446290757,-26.337073123808402,1.3000000000000003,0.0,0.0,-7.732568524139738e-05,0.0,0.0,-7.731102350596533e-05
6.199999999999283,31.168088656817453,-6.727463437581346,2.003215158944154,4.330057796063693,-2.09417186114214,0.6540847592942617,4.854151128013274,-25.810082665037587,-4.365574040042627,2.6801474698492505,-26.357246866593936,-26.574963029459955,0.41934477665491504,-4.165682062043757,-1.6368239494552146,2.673401591651246,-26.04784525329885,-26.56085931209895,1.3000000000000003,0.0,0.0,-7.734792345271899e-05,0.0,0.0,-7.732816048792827e-05
6.249999999999256,31.384244012754692,-6.8325187839089425,2.0357495505459067,4.3164073993841745,-2.1079627528635103,0.6472677416112049,4.847043978988516,-26.029054555789095,-4.3794378150325874,2.686069151160646,-26.320963390626467,-26.801299723469306,0.6464896075827824,-4.217962962047531,-1.6479731628168546,2.679146461883238,-26.007150589456153,-26.786685128294096,1.3000000000000003,0.0,0.0,-7.736989568319554e-05,0.0,0.0,-7.734691200155532e-05
6.299999999999228,31.599734356030257,-6.93827286362278,2.0679297911402648,4.303453350710762,-2.12212332931355,0.6399346074715832,4.840726646733971,-26.24887542476768,-4.396417379574106,2.692199883538096,-26.273509545363464,-27.029877506737293,0.8602567698306482,-4.270451154299059,-1.655870976117495,2.6850969934144113,-25.95538666311596,-27.014723118973162,1.3000000000000003,0.0,0.0,-7.739049921437716e-05,0.0,0.0,-7.736662653179623e-05
6.3499999999992,31.814594897506513,-7.0447450205600415,2.0997317375633537,4.29120995307467,-2.136687065785675,0.6321520108920746,4.835238426731179,-26.46971521710916,-4.416795846832107,2.6986428890650807,-26.21566693202472,-27.26060292930733,1.0564156174027548,-4.31862814631403,-1.6598419052355842,2.6913606069258362,-25.89342199386805,-27.24489207960611,1.3000000000000003,0.0,0.0,-7.74091571806725e-05,0.0,0.0,-7.738660482265948e-05
6.399999999999173,32.028861363735835,-7.15195616033213,2.131134718619949,4.2796835492693415,-2.1516825422591745,0.623992378203299,4.830610265029186,-26.69172875367217,-4.440270731262607,2.705453856254445,-26.148413527713874,-27.493178870569235,1.2317891963274026,-4.3592950013942176,-1.6594420736582638,2.6979971652189483,-25.82228971570989,-27.476908665046356,1.3000000000000003,0.0,0.0,-7.74259895543446e-05,0.0,0.0,-7.74063931518358e-05
6.449999999999145,32.24256959287774,-7.259928443682715,2.162121847986,4.268872349005517,-2.167131174426993,0.6155345685516892,4.826863522450092,-26.91503416248081,-4.466108176175289,2.7126625251689265,-26.072849447097667,-27.7271944792408,1.384857479046464,-4.3912213874415365,-1.654570251305446,2.705039765891954,-25.74310562753545,-27.710374725407217,1.3000000000000003,0.0,0.0,-7.744178397842189e-05,0.0,0.0,-7.742593906356191e-05
6.499999999999117,32.455755132828386,-7.368684896752691,2.1926803241713655,4.258766689221957,-2.1830461809960604,0.6068627414629559,4.824009403863551,-27.13970247116534,-4.4933661736930794,2.7202958784791784,-25.99011230358808,-27.96222765699075,1.5155939323980587,-4.415044236100156,-1.6454666453481557,2.712517572331311,-25.65699128484015,-27.944878096403336,1.3000000000000003,0.0,0.0,-7.745765761859017e-05,0.0,0.0,-7.744546629022063e-05
6.549999999999089,32.66845286201632,-7.478249002200195,2.2228016370885877,4.2493496468544,-2.199432819170872,0.5980638824271839,4.822049103309859,-27.36575895443435,-4.52112966538271,2.728397409267637,-25.901313920397804,-28.197936670674757,1.6247534781446853,-4.432851386729324,-1.6326593583796027,2.7204751435638053,-25.565026009495934,-28.180083773539266,1.3000000000000003,0.0,0.0,-7.747461974841198e-05,0.0,0.0,-7.746524112032689e-05
6.599999999999062,32.88069664487546,-7.588644329055499,2.2524816345121463,4.240597767332847,-2.216289619837445,0.5892248352320432,4.820974487565949,-27.59319445295328,-4.5487099703810845,2.7370377350651847,-25.807518583779228,-28.43412086204143,1.713150127602027,-4.44755062308393,-1.6168775806575097,2.7289833997900024,-25.468239093744323,-28.415795280560918,1.3000000000000003,0.0,0.0,-7.749325608360954e-05,0.0,0.0,-7.74854258160299e-05
6.649999999999034,33.09251902145036,-7.699894239754267,2.2817204462723906,4.232481670881835,-2.2336101448400076,0.5804296989337566,4.820769026710077,-27.821982722986515,-4.5757654006672555,2.74631401437902,-25.709758814914842,-28.67073917579548,1.7809280391990963,-4.4618950826817665,-1.5989232883774072,2.738139304568508,-25.367634066178613,-28.651973790859078,1.3000000000000003,0.0,0.0,-7.751364723996936e-05,0.0,0.0,-7.750605673095451e-05
6.699999999999006,33.30395092144135,-7.812021686590572,2.3105223001785835,4.224966422414894,-2.2513847202827026,0.5717581433270624,4.821408694947624,-28.05209857252666,-4.602316990805451,2.756338282457694,-25.609065512098546,-28.90788501204827,1.827759367459556,-4.477908213872651,-1.579582421679081,2.7480545640532954,-25.264223168287163,-28.888714106810678,1.3000000000000003,0.0,0.0,-7.753550035884352e-05,0.0,0.0,-7.752715562726278e-05
6.749999999998979,33.515021391702085,-7.925049084682895,2.3388952794156808,4.218011720401737,-2.2696017092529073,0.5632847259662909,4.8228626846093245,-28.283531860915026,-4.628665767769911,2.7672187481176564,-25.50649046911127,-29.145730147673287,1.8530690604202502,-4.496375026222326,-1.5595395463611148,2.758837106881312,-25.15905207816662,-29.12618918448795,1.3000000000000003,0.0,0.0,-7.755834183724169e-05,0.0,0.0,-7.754878657145747e-05
6.799999999998951,33.725757331637126,-8.038998231238258,2.366851066609403,4.211572051940575,-2.288248078659996,0.5550789745675452,4.825093894027873,-28.51629401620676,-4.655243105837265,2.779039542033609,-25.403110161932858,-29.38445627666149,1.8564630776480788,-4.516807863833818,-1.5393442839262452,2.770571021615087,-25.053204537586268,-29.364582364447916,1.3000000000000003,0.0,0.0,-7.758167229236547e-05,0.0,0.0,-7.757104074664268e-05
6.849999999998923,33.93618323875392,-8.153890234708271,2.3944047032801836,4.2055969635341,-2.3073092496439025,0.5472058528517219,4.82805924141106,-28.75041621748927,-4.682444025652785,2.791844444072641,-25.3000134722293,-29.624194489414723,1.8379483965968528,-4.537930260556626,-1.5194442713817942,2.783300347664139,-24.94778839681227,-29.604027202873358,1.3000000000000003,0.0,0.0,-7.760506549121574e-05,0.0,0.0,-7.759396700491424e-05
6.8999999999988955,34.14632097247436,-8.269745422027103,2.4215743747212453,4.200031525158008,-2.32676841864121,0.5397262606860151,4.831709896380507,-28.98594086788195,-4.710493007856191,2.8056278523914635,-25.198282870238394,-29.864986671974766,1.7979432983024881,-4.557865271562651,-1.5001923971762658,2.7970200662431797,-24.84391134131645,-29.844569109689317,1.3000000000000003,0.0,0.0,-7.762818549233033e-05,0.0,0.0,-7.76174975992829e-05
6.949999999998868,34.35618954642141,-8.386583204220813,2.4483812154383697,4.194816999335941,-2.346605626123088,0.5326973264408406,4.835991528535543,-29.22290926552784,-4.739367952920448,2.8203337525314014,-25.098973996346192,-30.106774815392203,1.7372348364949366,-4.574881684243974,-1.4819336581975873,2.8116748952944772,-24.742652846457844,-30.086154278245072,1.3000000000000003,0.0,0.0,-7.765083335981858e-05,0.0,0.0,-7.764145724590315e-05
6.99999999999884,34.56580495839201,-8.504421895831607,2.4748491208327645,4.189891668615437,-2.366796886319536,0.5261723552094453,4.840844662165019,-29.46134903671146,-4.768795423675021,2.8358611000559266,-25.003097166987345,-30.349415349521717,1.6569963640595806,-4.587669888489252,-1.4650423787482647,2.827164504285227,-24.645038178410147,-30.32864354994621,1.3000000000000003,0.0,0.0,-7.767295256554756e-05,0.0,0.0,-7.766561508465588e-05
7.049999999998812,34.77518006448189,-8.623278497573622,2.501004546725851,4.185191761330511,-2.3873136171346854,0.5202004013757776,4.846205200283723,-29.701264133878244,-4.79830194333834,2.852073129759997,-24.911600161940335,-30.592710913629155,1.5587168176296067,-4.595690434954308,-1.4499711453166526,2.8433525894925396,-24.55201684215934,-30.571843365950645,1.3000000000000003,0.0,0.0,-7.769462581511977e-05,0.0,0.0,-7.768975152120142e-05
7.099999999998785,34.984324500396994,-8.743168461364696,2.526876279292453,4.180652401118842,-2.4081225144569447,0.5148255337956014,4.8520051395132615,-29.94262924238559,-4.8273021701496015,2.8688077066364976,-24.82535421121585,-30.836448768066766,1.443984870701999,-4.598966000670086,-1.4372306916937783,2.860077086809744,-24.464448238724234,-30.815543530360955,1.3000000000000003,0.0,0.0,-7.771601061836618e-05,0.0,0.0,-7.771368496961485e-05
7.149999999998757,35.193244649353275,-8.864105460741126,2.552495163752814,4.17620851006593,-2.4291858808747913,0.5100859544704868,4.858173447329417,-30.185388995902553,-4.85519507034194,2.8858862109991774,-24.74514402415307,-31.080435169740547,1.3146072532667081,-4.598225244580016,-1.4274039571301147,2.8771590798773277,-24.383095066755555,-31.059551442344702,1.3000000000000003,0.0,0.0,-7.773727802369672e-05,0.0,0.0,-7.773730355435813e-05
7.199999999998729,35.401943652676565,-8.986101187580703,2.5778937892951395,4.171795606657822,-2.4504623222344977,0.5060131630052509,4.864637036568604,-30.429461345191868,-4.881446985789008,2.9031194418549644,-24.671664246203658,-31.324518234347188,1.1723865429506073,-4.594406532246511,-1.4210810552902544,2.89440876716657,-24.30862470494523,-31.303714926351635,1.3000000000000003,0.0,0.0,-7.775853504009801e-05,0.0,0.0,-7.77605475997023e-05
7.2499999999987015,35.61042145699057,-9.109165189375348,2.603106137393914,4.167350471540228,-2.4719076409787006,0.5026313483785333,4.871321751901456,-30.67474340643533,-4.905641224871971,2.920309864542465,-24.60551985438758,-31.56859501199535,1.0190248772467894,-4.588464465741753,-1.4188253675464149,2.9116278042189747,-24.241614836853532,-31.54792944529078,1.3000000000000003,0.0,0.0,-7.777979995923252e-05,0.0,0.0,-7.778340184040493e-05
7.299999999998674,35.81867489145342,-9.233304752321274,2.628167207699604,4.162811689397743,-2.493475745975418,0.49995710551786454,4.8781532944867525,-30.921117867132384,-4.927489213943779,2.937250630821453,-24.54722811980506,-31.812603087452285,0.856287640866687,-4.58099406160427,-1.4211125939342193,2.928608509661504,-24.182559585746375,-31.79213021773847,1.3000000000000003,0.0,0.0,-7.780099435059442e-05,0.0,0.0,-7.780588468161996e-05
7.349999999998646,36.026697769892806,-9.358524826916694,2.6531126380862182,4.158120113024804,-2.515119423289928,0.4979994741826051,4.885058041010139,-31.168458106823024,-4.946804793815559,2.953722943343973,-24.49721874001128,-32.056502070224795,0.6859059411464622,-4.572388345458403,-1.4283341533889329,2.9451312568552943,-24.131872341711755,-32.03627377069101,1.3000000000000003,0.0,0.0,-7.782198822052304e-05,0.0,0.0,-7.782802744675562e-05
7.399999999998618,36.23448101519483,-9.484827986810929,2.6779783332722724,4.153219298223004,-2.536790890573055,0.4967602229934707,4.891963744834475,-31.41663100491008,-4.963457961743891,2.9694932380796746,-24.455832387921827,-32.30025067765736,0.5097660227863914,-4.562479845016174,-1.4407376047367748,2.9609618067130064,-24.089884757510323,-32.28031557025506,1.3000000000000003,0.0,0.0,-7.78426077550403e-05,0.0,0.0,-7.784984272222302e-05
7.449999999998591,36.44201280581835,-9.612214409450424,2.702800111384216,4.148055958871822,-2.558442122906266,0.4962342615786418,4.89880013641684,-31.665497073563657,-4.977321373074252,2.9843119358306547,-24.423317267934607,-32.543787007418615,0.3297918107873216,-4.550841732352058,-1.4584518145245062,2.9758500226729008,-24.05684198324877,-32.524190279001324,1.3000000000000003,0.0,0.0,-7.786267894160135e-05,0.0,0.0,-7.787130095823132e-05
7.499999999998563,36.64927874595045,-9.740681868536605,2.727613371994806,4.142580459338611,-2.580025013715499,0.49641007061416553,4.905499453847582,-31.914908502161932,-4.9882285719682855,2.9979144440821055,-24.399825940153196,-32.7870158965166,0.14795585934048702,-4.53697587790469,-1.4815028473619034,2.989530856261306,-24.032896667736274,-32.76779920313148,1.3000000000000003,0.0,0.0,-7.788205239921435e-05,0.0,0.0,-7.78923241518856e-05
7.549999999998535,36.856262061215595,-9.870225732314028,2.7524527843163606,4.136747340574193,-2.601491465921756,0.49727006880988867,4.9119969389593034,-32.16470611764566,-4.995952309677265,3.0100245727015644,-24.385413671763573,-33.02980534720118,-0.03376454263844382,-4.520220178441062,-1.5098023857119576,3.001727730590036,-24.018103948158284,-33.011006747827764,1.3000000000000003,0.0,0.0,-7.790060735967832e-05,0.0,0.0,-7.791278874480518e-05
7.5999999999985075,37.06294382110762,-10.000838966680437,2.7773519913507183,4.130515857832591,-2.622793507837129,0.4987908837961972,4.91823132663738,-32.41471634299746,-5.000204507038796,3.020359914075666,-24.38003798448277,-33.27199130599334,-0.21335840542463066,-4.500301052409725,-1.5432163061378903,3.0121578246360454,-24.012418508536662,-33.253644995282336,1.3000000000000003,0.0,0.0,-7.791827846090858e-05,0.0,0.0,-7.793255851109748e-05
7.64999999999848,37.26930318778732,-10.132512146511619,2.8023433252570253,4.123850491273658,-2.6438835140438433,0.5009435366907423,4.9241453407838245,-32.664749175545055,-5.000656650954651,3.028638278159869,-24.383561214573113,-33.513387741246916,-0.3888964878428502,-4.476978588677432,-1.581528830187398,3.0205384783134153,-24.015695732001568,-33.495523744606075,1.3000000000000003,0.0,0.0,-7.793502882395918e-05,0.0,0.0,-7.79514928789657e-05
7.699999999998452,37.475317688972844,-10.265233481307634,2.827457530870657,4.1167213932375475,-2.664714558411447,0.5036935941867058,4.929686191247302,-32.914597656321526,-4.9969696155322785,3.0345843000031247,-24.395754719726593,-33.75379864467525,-0.5585903013988361,-4.450299627887669,-1.6244790607131954,3.0265937454739724,-24.027696275255565,-33.73644236814546,1.3000000000000003,0.0,0.0,-7.795084613490651e-05,0.0,0.0,-7.796946774129903e-05
7.749999999998424,37.68096351078962,-10.398988861796791,2.8527234974616276,4.109104736112503,-2.6852408920970943,0.5070013580524702,4.934806050697398,-33.16403897060964,-4.988826285765053,3.0379353565822536,-24.416305506320626,-33.99302834649604,-0.7208982888654664,-4.420489220532282,-1.6717546122041036,3.0300603082931583,-24.048094166556723,-33.97620012905317,1.3000000000000003,0.0,0.0,-7.796572083476796e-05,0.0,0.0,-7.79863795012749e-05
7.799999999998397,37.88621580502564,-10.533761932630702,2.8781680024056815,4.100982938659061,-2.7054184994095465,0.5108221612357552,4.9394624809314704,-33.412836858889825,-4.975957765606404,3.0384462038016755,-24.44482439723454,-34.23088753833022,-0.8742764580361879,-4.387689696418507,-1.7229642512288887,3.0306922207859093,-24.076487015950317,-34.21460257792631,1.3000000000000003,0.0,0.0,-7.797961862126067e-05,0.0,0.0,-7.800215206310363e-05
7.849999999998369,38.09124086846776,-10.669664989633164,2.903919038092827,4.1017220362363425,-2.7316040870321765,0.5200449235411959,4.955424429182496,-33.66223344759814,-4.9879317741691445,3.0340805248583558,-24.36852083843996,-34.46258115832741,3.7539982543186268,-4.274835650295766,-1.7443636201468162,3.0277554998333454,-24.04624124873938,-34.450148966298045,1.4000000000000004,0.0,0.0,-8.206209352291448e-05,0.0,0.0,-8.212684239211079e-05
7.899999999998341,38.29639714248892,-10.806940983296766,2.9301616568412734,4.104498274643264,-2.759139484839295,0.5293117164586758,4.973924775921849,-33.909914816657015,-4.953627381180126,3.0199334642242692,-24.154619632097333,-34.67481444204042,3.3540698550256898,-4.155229482089661,-1.8088788826879592,3.016894333987966,-23.949423250401214,-34.67098713451207,1.4000000000000004,0.0,0.0,-8.20418750238853e-05,0.0,0.0,-8.212786564144157e-05
7.9499999999983135,38.50168621413834,-10.945585486437777,2.9568459388384483,4.10689007068332,-2.7862335666754707,0.5381319544851744,4.991916419691378,-34.15410883206805,-4.883880308223468,3.0066795279747245,-24.08102826544694,-34.89685618744083,-1.0865918704548985,-4.4245356053593845,-1.8432730633467755,3.0046488875546764,-23.964333807788222,-34.89383792330871,1.4000000000000004,0.0,0.0,-8.018392682226664e-05,0.0,0.0,-8.010690243468222e-05
7.999999999998286,38.70705987887703,-11.08555786879181,2.9840223055552824,4.1076569147483735,-2.812158201902281,0.5494583629467101,5.0082914825735205,-34.39607605116185,-4.839344381878607,3.008356782708349,-24.238086143199617,-35.16193204629159,-5.351320005293253,-5.196260187742972,-1.8596987243586054,3.005484757009085,-24.13963220035088,-35.15513124668772,1.4000000000000004,0.0,0.0,-7.963895227277563e-05,0.0,0.0,-7.931143799616444e-05
8.049999999998347,38.91240218138128,-11.226787615372109,3.0118756389722288,4.105488079390631,-2.8365282867743966,0.5653186267102249,5.022002612643227,-34.641034893325234,-4.8991768432617,3.0311413446015214,-24.546139722288828,-35.483169163346176,-7.050660801420654,-6.0412438234674815,-1.8660329407885758,3.0266143216276764,-24.409743264459884,-35.47147724061667,1.4000000000000004,0.0,0.0,-8.0399463716733e-05,0.0,0.0,-7.997955957170274e-05
8.099999999998408,39.11754724324141,-11.36919962669162,3.0406336746086255,4.099775457552714,-2.8595317286439177,0.5853706593812255,5.032667217126248,-34.895193756196825,-5.083177257425627,3.069643876804818,-24.865622522324294,-35.84250182326247,-6.056371561481433,-6.4562999568149,-1.8515684845545652,3.063645053401998,-24.674875379651784,-35.827254605905495,1.4000000000000004,0.0,0.0,-8.159015618837197e-05,0.0,0.0,-8.132164208540996e-05
8.14999999999847,39.322320125742536,-11.512737326284915,3.0704614539248865,4.09072987919332,-2.8816482134300068,0.6076955885166097,5.040561605495156,-35.162158930006505,-5.339303476187181,3.1115154287404487,-25.096710225207477,-36.202700483044424,-3.8714807480932873,-6.224622050388727,-1.7961070775611172,3.1048276196057056,-24.87116011894371,-36.18617553171052,1.4000000000000004,0.0,0.0,-8.23785103261564e-05,0.0,0.0,-8.240291941536849e-05
8.19999999999853,39.5265732395585,-11.657367782982684,3.101411725656158,4.079177492342696,-2.9032951139969696,0.6298935378575838,5.046342973087408,-35.44080524827104,-5.57292636528379,3.1459440580997495,-25.23107277483511,-36.530268368172855,-2.3943845355811306,-5.508260660610832,-1.6969877946270115,3.139318294983287,-25.002030174461183,-36.51414774812759,1.4000000000000004,0.0,0.0,-8.238313031106316e-05,0.0,0.0,-8.26637474186037e-05
8.249999999998591,39.73020521179755,-11.803071075277966,3.133433166804511,4.066020379380828,-2.924539325396663,0.6504463045716284,5.050597230671109,-35.72607950525757,-5.705485139723787,3.169461880398169,-25.3330013623537,-36.812139065660276,-2.492833374898222,-4.6827622291471815,-1.575870455501544,3.163202832647515,-25.119767914186586,-36.796913113220505,1.4000000000000004,0.0,0.0,-8.184564234993374e-05,0.0,0.0,-8.222160567843855e-05
8.299999999998652,39.93314989083657,-11.94982024298088,3.166438612504645,4.051735964820398,-2.9450640016665015,0.6693722900173673,5.053516158594339,-36.01208121932187,-5.720034281278983,3.185608603314778,-25.47378624383522,-37.05663281548965,-3.715991482343907,-4.086241010616176,-1.4630758413195966,3.179637843761706,-25.27734094862628,-37.04208696905907,1.4000000000000004,0.0,0.0,-8.130494777711229e-05,0.0,0.0,-8.160666200688836e-05
8.349999999998714,40.13535328880908,-12.097567729970052,3.200367425438849,4.036356675737096,-2.9644101627924018,0.687563177941405,5.054962507348119,-36.294572946554396,-5.649834544643528,3.2010043254789635,-25.68481897866617,-37.28366556698201,-5.110852237697496,-3.8745378816696254,-1.3823915419239665,3.1951299448468484,-25.495925650924548,-37.269534390358146,1.4000000000000004,0.0,0.0,-8.109626605358895e-05,0.0,0.0,-8.122825750488717e-05
8.399999999998775,40.33675553651286,-12.246244916422047,3.2352076400594245,4.019656356681219,-2.98222694179824,0.7059499275665636,5.054669134416836,-36.57212320253303,-5.551005119565854,3.2216514897506134,-25.954395379063502,-37.5137715382827,-5.997854563822353,-4.018804209522822,-1.3441185291202322,3.2157514900338073,-25.764017570310127,-37.49999429772342,1.4000000000000004,0.0,0.0,-8.122037294873613e-05,0.0,0.0,-8.117739763559607e-05
8.449999999998836,40.53728365818747,-12.395771401591002,3.27098280547828,4.00136844902204,-2.99840059194187,0.7249789719711219,5.052420220487079,-36.84582724226665,-5.474080794665803,3.2510789593243685,-26.25049765929095,-37.761284219305374,-6.230083715527794,-4.384117498472033,-1.3448031777215577,3.2451332047029093,-26.054974786102292,-37.74792486148951,1.4000000000000004,0.0,0.0,-8.148858443243668e-05,0.0,0.0,-8.132535299871905e-05
8.499999999998897,40.73685336135735,-12.546067113859086,3.307724230147411,3.9813188673372037,-3.013044940103533,0.7445391815324076,5.04813612408933,-37.11827889366609,-5.449033027982053,3.2901667831212076,-26.54492422681254,-38.032394112432065,-6.042069112952899,-4.815177880844978,-1.371628809238743,3.284194523592641,-26.34520367437813,-38.01945771322268,1.4000000000000004,0.0,0.0,-8.171049338733011e-05,0.0,0.0,-8.15003173678735e-05
8.549999999998958,40.935375183452315,-12.697061716050813,3.3454468742395282,3.9594778489052715,-3.02641866598552,0.7641241977443818,5.0418806577878845,-37.39241273740803,-5.482676874832178,3.3378548562462425,-26.825020264467906,-38.32639993294058,-5.758899490943213,-5.190646385853802,-1.4092429745023625,3.331840245349734,-26.623099428300105,-38.31372296350458,1.4000000000000004,0.0,0.0,-8.179697114410236e-05,0.0,0.0,-8.16020155041463e-05
8.599999999999019,41.132760785246205,-12.848698912846432,3.3841379180761977,3.935898795139086,-3.038800429926004,0.7832078558862143,5.033788029309305,-37.67075424921514,-5.5668302361354325,3.3919984233110383,-27.09161798672288,-38.638120869021876,-5.559127480636816,-5.44138896650476,-1.4453552163791206,3.385864506473246,-26.88782331822228,-38.62540276173969,1.4000000000000004,0.0,0.0,-8.177566258602187e-05,0.0,0.0,-8.163451594140138e-05
8.64999999999908,41.32892553538329,-13.000934929596916,3.4237620682115173,3.910682013312353,-3.0504102849700394,0.8014003385020099,5.024010272526012,-37.95494424457972,-5.683799907284557,3.4500048027643295,-27.349870020708046,-38.96020808340967,-5.446344504156764,-5.547952168633313,-1.4734273453234983,3.443649803450012,-27.142703960710172,-38.94715335680429,1.4000000000000004,0.0,0.0,-8.172190229690783e-05,0.0,0.0,-8.164897086151586e-05
8.699999999999141,41.523791334236606,-13.153735286717879,3.464266926798077,3.883986456560077,-3.061399892939705,0.818406116224868,5.01271470066945,-38.245558724239366,-5.812289593185848,3.5093371822110386,-27.60275381411464,-39.28520092486665,-5.347567147774313,-5.5297504292678825,-1.492414966569105,3.502689879326878,-27.390396354525105,-39.27164932820384,1.4000000000000004,0.0,0.0,-8.168593376044601e-05,0.0,0.0,-8.167592259305785e-05
8.749999999999202,41.71728930194808,-13.307071464165734,3.5055874217683356,3.8560190695454883,-3.071859168026617,0.8340095356885947,5.0000773712520825,-38.542230469335756,-5.9334349019205055,3.567958557899942,-27.849710244575324,-39.60723497308935,-5.2089969146933015,-5.432042550689584,-1.5054174764297386,3.561015337477082,-27.63148079636413,-39.59321933866653,1.4000000000000004,0.0,0.0,-8.167668894286818e-05,0.0,0.0,-8.171063611948829e-05
8.799999999999264,41.909361701831735,-13.460918265453742,3.54764938659541,3.827013762276009,-3.081834970502109,0.8480609156081234,4.986276009071479,-38.843955566768635,-6.0345019486502,3.624682593471404,-28.088796129378835,-39.92322627048005,-5.034422319726294,-5.311081805602673,-1.5179847938516966,3.6175030895437392,-27.86546304636329,-39.908932073927794,1.4000000000000004,0.0,0.0,-8.167678387491574e-05,0.0,0.0,-8.172891870380964e-05
8.849999999999325,42.0999625142976,-13.615252169577811,3.5903728562165993,3.7971996690825605,-3.0913508133994867,0.8604784374034063,4.97147848427634,-39.14949414963834,-6.110771657386668,3.679311294962301,-28.319130344139168,-40.23325233701157,-4.86146218984899,-5.218899257793005,-1.536314056006322,3.671978215124136,-28.092078917157767,-40.21890827903164,1.4000000000000004,0.0,0.0,-8.166903543058176e-05,0.0,0.0,-8.17139660479822e-05
8.899999999999386,42.289056385923466,-13.770050616385882,3.6336755835813235,3.7667704573904484,-3.100424429209207,0.8712514377013281,4.9558319571594955,-39.45775682582166,-6.165253523658891,3.7324793635492037,-28.541423092330483,-40.54002080656889,-4.715115408630004,-5.191102574957549,-1.5655645068171544,3.725048658406318,-28.311490360217714,-40.52578085354661,1.4000000000000004,0.0,0.0,-8.165276221579174e-05,0.0,0.0,-8.167162898420447e-05
8.949999999999447,42.47661637992518,-13.925292123924317,3.677476335014393,3.7358688076529045,-3.1090836468100713,0.8804262275997037,4.939460214750311,-39.76807565213234,-6.206376526206018,3.785262015899265,-28.75659081302501,-40.84766544834909,-4.581330302982796,-5.240985395860596,-1.608630440491336,3.7777313247660094,-28.523413384125465,-40.8335382165086,1.4000000000000004,0.0,0.0,-8.16417223431263e-05,0.0,0.0,-8.162571432363768e-05
8.999999999999508,42.66262148264363,-14.080957156034962,3.721696924410982,3.7045919421805262,-3.11738024665421,0.8880712643660749,4.922472105648899,-40.080304472877785,-6.244576414901219,3.8387161765449695,-28.96397614575035,-41.16036612616404,-4.416348480749133,-5.3610368583559085,-1.6656641292207093,3.8310241242688226,-28.72616307408796,-41.14621351036644,1.4000000000000004,0.0,0.0,-8.16506979827944e-05,0.0,0.0,-8.160114057508635e-05
9.049999999999569,42.84705491614319,-14.237029631147001,3.766262027115646,3.6730228346701574,-3.125405095335864,0.8942103172862866,4.904983776272967,-40.39473124352054,-6.28853541284747,3.8935361408243967,-29.16069304324285,-41.48128300903414,-4.180846467320219,-5.529878769518718,-1.734357809700721,3.88558672157913,-28.916540779521654,-41.466874555363844,1.4000000000000004,0.0,0.0,-8.168182962907477e-05,0.0,0.0,-8.160744279207896e-05
9.09999999999963,43.029905132053585,-14.393499680175456,3.8110935470552105,3.64128200445801,-3.1333101644967023,0.898734308569475,4.887155673838102,-40.71187752667624,-6.3429256631062225,3.949930613759212,-29.342880102046465,-41.812086270900195,-3.8689198754386327,-5.720573632763812,-1.810735154020049,3.9416214802406966,-29.09101581452707,-41.79716343321868,1.4000000000000004,0.0,0.0,-8.171857371054994e-05,0.0,0.0,-8.163159634835116e-05
9.149999999999691,43.21116579167782,-14.550365066578548,3.8561102086680052,3.609455576720807,-3.1412430969843177,0.9016315031956581,4.869139258865721,-41.03245415806506,-6.411532627768505,4.007645864090235,-29.506644382937342,-42.1529265205437,-3.4831033780284226,-5.90882658859512,-1.8903301507442698,3.998894203750324,-29.24639986969977,-42.13726648852801,1.4000000000000004,0.0,0.0,-8.175716071642484e-05,0.0,0.0,-8.166944066669403e-05
9.199999999999752,43.390834861659044,-14.707630965008375,3.9012304466390932,3.577634513026664,-3.1493537324527376,0.9028914534292671,4.851093754772128,-41.35712061230027,-6.4933290846963025,4.066113575707853,-29.64894314573336,-42.50280705802617,-3.051354069395423,-6.077554458482437,-1.9691201296982024,4.056866617010292,-29.38036063625701,-42.48625040223804,1.4000000000000004,0.0,0.0,-8.17880347761397e-05,0.0,0.0,-8.170841808538833e-05
9.249999999999813,43.568915130393265,-14.865309947331323,3.9463721228821402,3.5459198174226922,-3.157786150222062,0.9025052825731991,4.833184923753464,-41.686366971614376,-6.584927186274102,4.124648644567608,-29.76847632044766,-42.860121132009716,-2.6097113659259916,-6.218368099090963,-2.044225790813263,4.1148797162774935,-29.491969346361977,-42.842570486893955,1.4000000000000004,0.0,0.0,-8.180475281125294e-05,0.0,0.0,-8.173807415106148e-05
9.299999999999875,43.74541455385025,-15.023421415884178,3.991453125070684,3.5144158667410914,-3.1666682845261414,0.9004854281228494,4.815576903641646,-42.02046783255998,-6.682017218903868,4.182607788178565,-29.865536291804926,-43.22314164350865,-2.1827986502295786,-6.33103497974816,-2.1141768071243603,4.172304353565882,-29.581502115696036,-43.20454018402953,1.4000000000000004,0.0,0.0,-8.180959321072978e-05,0.0,0.0,-8.175673540746883e-05
9.349999999999936,43.92034623766895,-15.181990637926386,4.036392752663603,3.4832232790571442,-3.1761066385024854,0.8968763912223068,4.79842526794334,-42.35948989552684,-6.780441259329001,4.239491449734281,-29.94116994034945,-43.5903877735953,-1.776625602528386,-6.421847927807724,-2.178753611616552,4.228644109522992,-29.64978026787507,-43.570694985012224,1.4000000000000004,0.0,0.0,-8.181058055721591e-05,0.0,0.0,-8.176914636899106e-05
9.399999999999997,44.093728117238236,-15.34104766631226,4.081113343813377,3.452434149900737,-3.1861868737526606,0.8917539541421772,4.781873426660599,-42.70333717761777,-6.876945641810112,4.295002687683256,-29.99632528570075,-43.9608675236399,-1.3840484593783746,-6.501291123759246,-2.2385716471128787,4.283600230905956,-29.697534420555897,-43.94004445494123,1.4000000000000004,0.0,0.0,-8.181583032214066e-05,0.0,0.0,-8.178118973887428e-05
9.450000000000058,44.26558246303234,-15.500626409644218,4.125541645422037,3.4221296055001353,-3.196978775821282,0.885216743164005,4.766052141161502,-43.05181911830367,-6.96963881370947,4.349075525658528,-30.03145333144272,-44.33420575653266,-0.9956292280769263,-6.58121939974722,-2.2946035601580452,4.337104912594594,-29.72511782309976,-44.312209895906,1.4000000000000004,0.0,0.0,-8.182961680052707e-05,0.0,0.0,-8.179618843203685e-05
9.500000000000119,44.435935291334296,-15.66076400582517,4.169609697991767,3.3923782142815857,-3.2085429349633783,0.8773762241025179,4.751080587914303,-43.40472814880375,-7.0581806099929825,4.401869042666437,-30.046610795479026,-44.710646515832686,-0.6073765318166715,-6.672034675827662,-2.347787576052315,4.389316696566339,-29.732591215296235,-44.68743088981081,1.4000000000000004,0.0,0.0,-8.185191589641718e-05,0.0,0.0,-8.181453801549491e-05
9.55000000000018,44.6048156941525,-15.821500518537187,4.213255276762398,3.3632342808765285,-3.2209366427042823,0.8683493645469536,4.737067479283707,-43.76191168631423,-7.143670750200886,4.4537192659737626,-30.041796974578062,-45.09092206849207,-0.22197718682605824,-6.780218265030727,-2.3987311531971556,4.440571080501598,-29.71998436060252,-45.066433653093604,1.4000000000000004,0.0,0.0,-8.188040914777215e-05,0.0,0.0,-8.183551948368679e-05
9.600000000000241,44.772255083511915,-15.98287887409908,4.256422060473869,3.334736248349884,-3.234217486601665,0.85825495856178,4.724111574740221,-44.12332289369506,-7.228224147607817,4.505053938097737,-30.017219787448024,-45.476015484003156,0.15484650252269835,-6.907348779842001,-2.4475751365455323,4.491294298965434,-29.687514523499132,-45.450192977773824,1.4000000000000004,0.0,0.0,-8.191282900153922e-05,0.0,0.0,-8.185912282013461e-05
9.650000000000302,44.93828637687131,-16.14494491138224,4.299059684124136,3.3069060744158136,-3.2484443285548297,0.8472123554470959,4.712301679216905,-44.48903989921263,-7.31434011034233,4.5562945977479705,-29.97336197730984,-45.866886611458426,0.518182017281048,-7.0504008715270645,-2.4939540383888508,4.541906420405915,-29.635664329054016,-45.83966088071852,1.4000000000000004,0.0,0.0,-8.194799193554077e-05,0.0,0.0,-8.18863954562328e-05
9.700000000000363,45.102943189163064,-16.30774742281158,4.341123755523439,3.2797501282534083,-3.2636761063320834,0.8353410779061126,4.701716425653353,-44.859252365602565,-7.404249327789684,4.60777766125428,-29.910912244620096,-46.264244441274045,0.8651900582994628,-7.203328898539696,-2.537091292924768,4.592744924845981,-29.565155678590692,-46.23554455844054,1.4000000000000004,0.0,0.0,-8.198544217566056e-05,0.0,0.0,-8.191850343712697e-05
9.750000000000425,45.26625910343838,-16.471338096345413,4.382575859658188,3.253261312743069,-3.2799692133878415,0.8227606942209952,4.692423933290536,-45.234224317686106,-7.499439041661711,4.659716133747934,-29.830701393617236,-46.66842380666414,1.1935919534897632,-7.358948224124844,-2.575978323698462,4.644028256408524,-29.476910572945076,-46.63818756007975,1.4000000000000004,0.0,0.0,-8.202462025116529e-05,0.0,0.0,-8.195561306108944e-05
9.800000000000486,45.42826706043464,-16.635771305958933,4.423383566468366,3.227421536339894,-3.2973741790582913,0.8095911345517489,4.684481193803182,-45.61424722218353,-7.600458089939204,4.7122028586086415,-29.73372013694334,-47.079374953224935,1.5000823913462238,-7.5106380985212535,-2.6096143608755358,4.69585904165429,-29.372050852625232,-47.0475603279585,1.4000000000000004,0.0,0.0,-8.206452425734388e-05,0.0,0.0,-8.199663805906067e-05
9.850000000000547,45.58899886312747,-16.801103732201767,4.463520469819155,3.202203747471892,-3.3159322928969797,0.795953606074686,4.677933085714603,-45.999596279906726,-7.706981154454473,4.765241227590986,-29.62118819351812,-47.49673797075437,1.7798784139895523,-7.65336184702297,-2.6372305653294412,4.748252423599021,-29.251920993763427,-47.46333015123568,1.4000000000000004,0.0,0.0,-8.210411844067281e-05,0.0,0.0,-8.203988867865449e-05
9.900000000000608,45.74848484674101,-16.967393820379563,4.5029661638369545,3.177579505100353,-3.3356724472044577,0.7819628913506583,4.672813729405685,-46.39043908986305,-7.816856199116943,4.818785485949444,-29.49460876699029,-47.919957619047906,2.026785626905172,-7.784251275798146,-2.6584580919213185,4.801176144699898,-29.11809839250059,-47.88497916231829,1.4000000000000004,0.0,0.0,-8.214230156519999e-05,0.0,0.0,-8.208330620817362e-05
9.950000000000669,45.9067540612018,-17.134701113793547,4.541705652728417,3.1535196510704986,-3.3566100766453557,0.7677300382109269,4.669146261137714,-46.78682332988235,-7.927684800376356,4.872787565559664,-29.355799932273392,-48.34845605016753,2.236430534530636,-7.903376013969506,-2.6737260302157724,4.854588611934477,-28.97239888072289,-48.31194949964418,1.4000000000000004,0.0,0.0,-8.217908767260466e-05,0.0,0.0,-8.212555316269914e-05
10.00000000000073,46.063833445811746,-17.303085593859596,4.579730294410438,3.129971785246185,-3.3787469565748167,0.753393352870421,4.66693217404647,-47.188884303831436,-8.04121947897183,4.927196698078304,-29.206613513683582,-48.781656973917585,2.4108563795984246,-8.010457905691169,-2.6832956084898574,4.908438779136161,-28.81664750252262,-48.74366577658496,1.4000000000000004,0.0,0.0,-8.221762610911756e-05,0.0,0.0,-8.216967670747549e-05
10.050000000000791,46.21974712789132,-17.472606957044338,4.61703841393331,3.106876744083078,-3.402070275775499,0.7390916712668822,4.666157065806456,-47.59669681611346,-8.156250245630536,4.9819759402515,-29.048781739500868,-49.219040901185366,2.552023334125025,-8.107636230004603,-2.687857221293736,4.962692318739454,-28.652566416082472,-49.17961953667484,1.4000000000000004,0.0,0.0,-8.225929642149134e-05,0.0,0.0,-8.221614715809636e-05
10.100000000000852,46.374516154442304,-17.643323929526076,4.653635178527035,3.0841706871986454,-3.4265545285329386,0.7249592974427467,4.66679234032688,-48.010278407033205,-8.271631818384783,5.037131052677083,-28.88398416926083,-49.66025071760206,2.6595645671498707,-8.197997243040007,-2.688335636599264,5.017357704811501,-28.481837432882696,-49.61946529572926,1.4000000000000004,0.0,0.0,-8.230387118178198e-05,0.0,0.0,-8.226414748237052e-05
10.150000000000913,46.528158274747945,-17.815293688205948,4.6895322955949625,3.0617855675117043,-3.4521637267196374,0.7111233540639117,4.668796598931773,-48.42960929486832,-8.386617756692123,5.092715851925174,-28.713982384270516,-50.10515284699962,2.7271020855576626,-8.28794011055272,-2.6872804560679677,5.072488552606077,-28.306195758455484,-50.0630453400883,1.4000000000000004,0.0,0.0,-8.235026733289879e-05,0.0,0.0,-8.231165398202732e-05
10.200000000000975,46.68068769659589,-17.988571379891308,4.724747662346913,3.0396472190153347,-3.478852495690212,0.6977051937924118,4.672115413844416,-48.854664747033645,-8.501109043296108,5.148836141782559,-28.54158748267595,-50.553996242743,2.725193443477192,-8.370147756042414,-2.68379627366385,5.128146555820309,-28.12802581922119,-50.51030776869938,1.4000000000000004,0.0,0.0,-8.238937428927702e-05,0.0,0.0,-8.23532208797681e-05
10.250000000001036,46.83211472813913,-18.163209573812555,4.759305221098335,3.017674442112153,-3.5065629585368066,0.6848257623716879,4.676679286156713,-49.285404390232735,-8.614792863971264,5.20544261335031,-28.36989100652212,-51.00625941941606,2.6671052591897575,-8.435711552445804,-2.6770382333897063,5.184315567677915,-27.949991530810532,-50.96117728899975,1.4000000000000004,0.0,0.0,-8.243126272417657e-05,0.0,0.0,-8.240235685122622e-05
10.300000000001097,46.98244550297616,-18.33925763534114,4.793234912680371,2.9957813581358588,-3.5352249315753963,0.6726032947917333,4.6824049861958,-49.721759145535366,-8.727095106041856,5.262412669175419,-28.202108125571588,-51.46160302706217,2.548357498751078,-8.495743304913757,-2.6737715364241543,5.240863610173579,-27.77482237781248,-51.41538023425833,1.4000000000000004,0.0,0.0,-8.247852932903464e-05,0.0,0.0,-8.245346982489786e-05
10.350000000001158,47.13168294475523,-18.516762612340926,4.8265734668277,2.9744649668969845,-3.5655037497947704,0.6616556815366953,4.690207572166485,-50.16398249133399,-8.844466915961647,5.319247585074626,-28.03815408498273,-51.91900016588691,3.3800215101581887,-8.278337874679963,-2.6349625799784517,5.297467864113202,-27.60346653738981,-51.8722462236788,1.5000000000000004,0.0,0.0,-8.267879680249617e-05,0.0,0.0,-8.268995446166916e-05
10.400000000001219,47.280062038801695,-18.69607358421881,4.859559544983451,2.9608897427409113,-3.60675790673754,0.657669965014867,4.712547129670404,-50.61645764108576,-9.049502995024415,5.33817574712528,-27.591225995771065,-52.287018001865356,11.193068852511297,-6.8374283289251165,-2.6621424020761895,5.327111748755195,-27.260835585154577,-52.2693064377952,1.5000000000000004,0.0,0.0,-8.768187322683356e-05,0.0,0.0,-8.825639083581878e-05
10.45000000000128,47.42778067464808,-18.877480685786743,4.892311755144764,2.94817729384541,-3.6492288682245064,0.6522823200758238,4.7364641784470685,-51.06558515029773,-8.98255018422841,5.314518886180414,-27.038638665201507,-52.56735639081484,8.597256012733467,-5.657759433803085,-2.70704254232502,5.3113250728797565,-26.870925334915345,-52.56633386681022,1.5000000000000004,0.0,0.0,-8.560763745718526e-05,0.0,0.0,-8.623595231763583e-05
10.500000000001341,47.574889701920064,-19.061016771200073,4.924790036174554,2.936388187641509,-3.691640958266737,0.6472315184311155,4.761249541005364,-51.50071886020755,-8.702674198185763,5.285848702346096,-26.75309496973712,-52.84369602280315,1.8156436070975042,-5.809286931283631,-2.7793028537347357,5.284952528581787,-26.675301491919004,-52.8457271186788,1.5000000000000004,0.0,0.0,-8.344199608439105e-05,0.0,0.0,-8.353886227923961e-05
10.550000000001402,47.72141088305795,-19.246639235550386,4.957093338291971,2.924428164846187,-3.73250253462254,0.6457323738395502,4.785480703224471,-51.92118241911759,-8.409271178190583,5.284600220017035,-26.77791702722529,-53.19802535287627,-3.3365574642561984,-7.196723871707909,-2.8987295315417536,5.281652931945309,-26.691011383884835,-53.194022248986435,1.5000000000000004,0.0,0.0,-8.350277331364279e-05,0.0,0.0,-8.297234660791562e-05
10.600000000001463,47.867299361172954,-19.434249441136608,4.989455759204948,2.910878666147762,-3.7711530438833343,0.6496592403025716,4.808000313845167,-52.336157625383805,-8.299504125314108,5.320840048018627,-26.951649431165784,-53.661127428507655,-4.383293915501766,-8.96223858532947,-3.070726233810425,5.314196820986275,-26.797682841356206,-53.64863576809952,1.5000000000000004,0.0,0.0,-8.501857973881711e-05,0.0,0.0,-8.420187669638093e-05
10.650000000001524,48.01244837821845,-19.623742182226014,5.022145522166878,2.8947810891568335,-3.807951157869136,0.6585089663909899,4.828445260503038,-52.758126008922055,-8.439367670754674,5.3822433561978125,-27.075256052950728,-54.207250945590516,-2.0039119527274436,-10.213065289207503,-3.249710673841738,5.372864161933081,-26.858101849459995,-54.189198632230635,1.5000000000000004,0.0,0.0,-8.664627574011314e-05,0.0,0.0,-8.598427766584418e-05
10.700000000001586,48.156723348483325,-19.815047613010574,5.0553571586769195,2.8759805520967805,-3.8438370754688216,0.6700819670821814,4.847200990406353,-53.19595722655385,-8.756624352625257,5.447005908881934,-27.046987947741364,-54.78182313956338,1.013212617596584,-10.542658524132847,-3.3675730118239544,5.437111792602664,-26.81094918158661,-54.76299410368265,1.5000000000000004,0.0,0.0,-8.730997540673676e-05,0.0,0.0,-8.705727234714789e-05
10.750000000001647,48.29999857104539,-20.008142498321057,5.08916650084783,2.8549093076701295,-3.879621760090985,0.6821138970312444,4.864899950144521,-53.65164796522732,-9.11381477345817,5.499798770063253,-26.909693255458823,-55.33909091753657,2.1199378289798694,-10.10669518303671,-3.393119992761185,5.490946646614099,-26.696318068603112,-55.32223621522971,1.5000000000000004,0.0,0.0,-8.681350947199193e-05,0.0,0.0,-8.695142672333885e-05
10.800000000001708,48.4421746340003,-20.203029703541127,5.12356382982173,2.832109441363008,-3.9155068666139945,0.6935551164587431,4.881911163665817,-54.121560180463064,-9.398244304703466,5.537894947148362,-26.78222374757597,-55.86063956294006,0.8516845157579538,-9.339035307982243,-3.3439246356861094,5.5301693651963255,-26.60334336287424,-55.84544127669991,1.5000000000000004,0.0,0.0,-8.582808982071825e-05,0.0,0.0,-8.616929537489348e-05
10.850000000001769,48.583174687107416,-20.39970695093963,5.158521070805863,2.80791334259602,-3.951128704777838,0.7046438263411874,4.898195412930042,-54.60007393148306,-9.570275020388188,5.5667921122977155,-26.757834567468088,-56.35023617085225,-1.617649308097726,-8.62407633920261,-3.2567874817846296,5.5593589507297905,-26.599402785735133,-56.334842156276956,1.5000000000000004,0.0,0.0,-8.511670379082635e-05,0.0,0.0,-8.546518732832367e-05
10.90000000000183,48.72293110367997,-20.59814385930758,5.194046365860866,2.782366496825468,-3.985776452814486,0.7164705899030991,4.913380441270892,-55.08211236652306,-9.640768700788298,5.593577214299872,-26.85815963699877,-56.820402363452665,-3.856600367837145,-8.158239777013542,-3.165777875067806,5.585596153831859,-26.698878558598604,-56.803364946084166,1.5000000000000004,0.0,0.0,-8.499986745745936e-05,0.0,0.0,-8.52405348118565e-05
10.950000000001891,48.86137382430865,-20.7982738505439,5.230203682036391,2.75535733313343,-4.018774198294109,0.7300271210766313,4.9270152920032695,-55.56463323769231,-9.650417423373193,5.623163360844709,-27.047358628026164,-57.28302243509182,-5.08777890469614,-7.963756164888452,-3.0924016459745745,5.614288741901136,-26.874050951689153,-57.26407794263793,1.5000000000000004,0.0,0.0,-8.534417070663215e-05,0.0,0.0,-8.545075134776341e-05
11.000000000001952,48.99842659298005,-21.000002849841202,5.2670912146410105,2.7267701225177325,-4.049717819209293,0.7456514364430188,4.938773712263619,-56.04669162449148,-9.641167735971543,5.657744802159758,-27.272090364058563,-57.746070734939195,-5.350439116247145,-7.973976024541083,-3.0443303839231683,5.648167746403896,-27.084321462921313,-57.72597374582132,1.5000000000000004,0.0,0.0,-8.581781811683163e-05,0.0,0.0,-8.58168156779508e-05
11.050000000002013,49.13400885866088,-21.20322393568294,5.3048078420794695,2.696547757739249,-4.0784695915148355,0.7631118020834877,4.948497109341266,-56.52865510740434,-9.639269658245354,5.698077609108153,-27.495500767707696,-58.214693434099175,-5.165341134608113,-8.109268270311874,-3.0194401930346366,5.688245564399415,-27.300732861241833,-58.194528269931524,1.5000000000000004,0.0,0.0,-8.614874200868479e-05,0.0,0.0,-8.607971690789079e-05
11.100000000002074,49.26803822347155,-21.40782705966768,5.343434672165656,2.6646681320070713,-4.105028844547526,0.7819640966483905,4.956126099762635,-57.01147558235987,-9.656409499098864,5.744795767322308,-27.708575918549773,-58.69315996195497,-5.046708885899483,-8.311335948787818,-3.0128003889929342,5.735045540541395,-27.514092530626936,-58.673606309907456,1.5000000000000004,0.0,0.0,-8.625758103773419e-05,0.0,0.0,-8.615157965240459e-05
11.150000000002136,49.40043136971825,-21.613704059451095,5.383029308615901,2.6311114053275126,-4.129457986516435,0.8017438277903586,4.961649287792198,-57.496481434276156,-9.700117038313891,5.798661430638278,-27.92108410608676,-59.18500639241971,-5.2037557128695076,-8.534326705995687,-3.019116962742502,5.789020814359274,-27.728936276526152,-59.16602643933056,1.5000000000000004,0.0,0.0,-8.622235375477385e-05,0.0,0.0,-8.610247431766775e-05
11.200000000002197,49.53110370702755,-21.820750268651523,5.423628216985453,2.5958479500843983,-4.151829993209942,0.8220740100458221,4.965070447684289,-57.98514854535916,-9.773342221648074,5.8599848451715255,-28.145266404291405,-59.691739746060875,-5.544740213605645,-8.737580778374875,-3.0337633921887006,5.850228016821665,-27.952514370611805,-59.67278362897479,1.5000000000000004,0.0,0.0,-8.61689190620486e-05,0.0,0.0,-8.605469748226773e-05
11.250000000002258,49.65996936445427,-22.028864729181393,5.465250925374383,2.5588618744744793,-4.172221495288074,0.842643791708539,4.966412674968507,-58.47882706235932,-9.873570339991229,5.928099914427876,-28.38539265307094,-60.21191582287751,-5.871345314260757,-8.888041621553585,-3.052462504522249,5.917944387644798,-28.187645444322737,-60.192365723126876,1.5000000000000004,0.0,0.0,-8.617167112581205e-05,0.0,0.0,-8.607952587991717e-05
11.300000000002319,49.78694276150028,-22.237950629008292,5.507901831578652,2.520184926401242,-4.190723016638136,0.8631511246492145,4.965734722014848,-58.97846261929145,-9.992711138630249,6.001458188887917,-28.637401441292628,-60.74167989582651,-6.0624342348336056,-8.969413954518727,-3.0715349181262797,5.990745155927046,-28.432239008789896,-60.72121690848294,1.5000000000000004,0.0,0.0,-8.62263248824788e-05,0.0,0.0,-8.616590222481229e-05
11.35000000000238,49.91194146862634,-22.44791607812073,5.551569981752197,2.4799102857372817,-4.207439439242337,0.8832865252388787,4.963133762640899,-59.48444287297612,-10.119605073681006,6.078241229780405,-28.895077174260305,-61.2763933023419,-6.204809982401027,-8.95367005905101,-3.084081131970739,6.067025538273682,-28.683074607664427,-61.25521859200395,1.5000000000000004,3.0,0.009779122681814911,0.0018767658669550746,0.0,0.0,-8.627452377977114e-05
11.400000000002441,50.03488864173462,-22.658674392312168,5.596230142260539,2.438158932530172,-4.222462390820015,0.9028148697670025,4.958717809196098,-59.99675228648504,-10.246188270166044,6.156036202852001,-29.169949105533405,-61.81043037075242,-6.572357238767954,-8.861556237547196,-3.116885163949114,6.144275039045332,-28.948327058272984,-61.78875519380436,1.5000000000000004,3.0,0.19685550840735244,0.14516421365163693,0.0,0.0,-8.666630745917208e-05
11.450000000002502,50.15571432919664,-22.87014141737575,5.64184855026993,2.3951024057357437,-4.235812784253618,0.9215822386957296,4.952568959629635,-60.51440015893463,-10.352957448979057,6.2342639665769815,-29.438864569921563,-62.343134153002175,-5.929971505056574,-8.900181249021294,-3.1371757578354584,6.22170988596522,-29.212526156297066,-62.31978715021696,1.5000000000000004,0.0,0.4647117987773528,0.41913073799816297,0.0,0.0,-8.657488430481858e-05
11.500000000002563,50.274359404225,-23.082236474835337,5.688378999351104,2.350978588387094,-4.247635908690954,0.9392444195739797,4.944865136235392,-61.036379534154456,-10.439587504383756,6.31430216355167,-29.670624603545516,-62.87730707043678,-5.508756377194663,-8.986419002769972,-3.1526191980434013,6.30235017083629,-29.45495280428012,-62.855442867923834,1.5000000000000004,0.0,0.5803967456142634,0.5652401785657293,0.0,0.0,-8.612491131546622e-05
11.550000000002624,50.390773920313386,-23.29488786348285,5.73575966746804,2.3058917029932706,-4.258089203149713,0.9556109887728614,4.935752482628845,-61.563035777742506,-10.5331248717481,6.39851612028134,-29.90613294462819,-63.41961424881115,-6.047126637721332,-9.088551491281239,-3.188682205995764,6.387317324759275,-29.70170365676712,-63.39970838039022,1.5000000000000004,0.0,0.5936265297738407,0.5959791461688976,0.0,0.0,-8.58251265324764e-05
11.600000000002685,50.504909058734015,-23.50802701777039,5.783929675614759,2.2598006893983897,-4.267145385642411,0.9708795451692181,4.925224460797979,-62.095139319148835,-10.642070828113656,6.488238564346053,-30.177777267516042,-63.97356631053424,-6.883950845320555,-9.164905962294998,-3.2381104611658733,6.476999942500732,-29.972269867720538,-63.95405503623522,1.5000000000000004,0.0,0.5530577054361796,0.564121436919413,0.0,0.0,-8.570801509340626e-05
11.650000000002747,50.61671282375602,-23.721581678019312,5.8328413900728755,2.2126418448726035,-4.274712045093979,0.9853200743963396,4.91322731523397,-62.63337810591378,-10.764775735285662,6.582582016058551,-30.48301220822168,-64.53799017240459,-7.3598846996043905,-9.227609012661976,-3.3038163598778336,6.570352506355404,-30.262613687841956,-64.51701362592135,1.5000000000000004,0.0,0.48803193620410634,0.5026174267032736,0.0,0.0,-8.585740736555641e-05
11.700000000002808,50.726131920614385,-23.93547654779762,5.882455846927934,2.164436835691557,-4.280779137541109,0.9989785859251958,4.89977704138084,-63.17804069357483,-10.893251753207775,6.678790022789962,-30.799582921023397,-65.10776729272351,-7.476765141413539,-9.213413225079343,-3.3792006900664044,6.665257089947057,-30.556103472681365,-65.0850286140555,1.5000000000000004,3.0,0.49259610740928084,0.4750005840083007,0.0,0.0,-8.640771181965248e-05
11.750000000002869,50.83311697985092,-24.14963893783701,5.932729635502852,2.115326645510355,-4.285452475482667,1.0116527410734844,4.884992426334774,-63.72876001734219,-11.014386475333735,6.7741575418391795,-31.10239324126459,-65.67925296362768,-6.665779179098098,-9.290244168330757,-3.4671599219898854,6.758557443343058,-30.835162545469213,-65.65278260635465,1.5000000000000004,3.0,0.6889744396176907,0.6394486348360116,0.0,0.0,-8.692702955076237e-05
11.80000000000293,50.93755564891225,-24.363920087815867,5.9837450707348125,2.0605463915865023,-4.283337554903053,1.0326349072686367,4.864068964646032,-64.30961004461783,-11.617000545498597,7.230136702983932,-34.485961644415625,-67.26991029928334,-101.69457043017499,3.5103598781676806,0.05110156390300696,6.889863926562434,-33.09912195196288,-66.36512656658444,1.5000000000000004,3.0,0.9745184969001057,0.9077147659722483,0.0,0.0,-6.472814792156975e-05
11.850000000002991,51.03895108701979,-24.5776429299516,6.036439223515429,1.994360492393415,-4.26226654623204,1.078496994443674,4.827788898841016,-64.92459927216885,-12.299784551005187,7.363438551766655,-40.22529432172329,-67.17695296765062,-111.03726369104258,7.419831939366096,0.7243862939884558,7.172058672308197,-36.174597698928466,-67.20260412330578,1.5000000000000004,0.0,1.2755506854542933,1.2115856070723625,0.0,0.0,-9.101405501552163e-05
11.900000000003052,51.13682593986186,-24.789846246503565,6.091777817802142,1.9210277068538313,-4.224779710999982,1.1330715796409763,4.77733840768762,-65.54847812870854,-12.477577130778776,7.610477027446922,-43.61930811506459,-68.28158204000464,-24.475413555721804,-14.833095744475932,-20.99482837843987,6.985366387880271,-37.89351796507927,-67.29227949985227,1.5000000000000004,0.0,1.3903664052021454,1.3776621535530016,0.0,0.0,-0.00012107693164510411
11.950000000003113,51.23113100548858,-25.000070401233792,6.149467624939031,1.8538946087828216,-4.18510481449322,1.1703700479139825,4.724594541103238,-66.10787995562346,-11.18803653828471,7.378944454391111,-43.47158902210148,-68.30652215353929,22.269198273859367,0.6596112428776684,-0.9435923940474499,6.7973581671024075,-38.04375950042458,-67.40818722574241,1.5000000000000004,0.0,1.3385022788821845,1.3508484519655455,0.0,0.0,-0.0001248002785092442
12.000000000003174,51.32238499900961,-25.208469933028624,6.208434725213597,1.798632040507691,-4.153025336359535,1.1843823134674636,4.678189620573287,-66.58306587360615,-9.503718359642113,7.197967459899221,-41.8457297769614,-68.57161860004015,37.22662917536357,-12.547884370525688,-7.047269794370194,6.753357267119313,-37.644244150259425,-67.85604654044387,1.5000000000000004,0.0,1.2049728111418765,1.230821505471414,0.0,0.0,-0.00010859732408388353
12.050000000003235,51.4111176583242,-25.415556818024076,6.26757717268367,1.7521461393944782,-4.132643916949589,1.1786500938940052,4.6409027011920605,-67.02417050927085,-8.822092713283299,7.286361265839992,-39.92829105196398,-69.34260165755542,34.01363936745606,-19.958430392031982,-7.259277248373363,6.931353126484742,-37.159613652836484,-68.74909887289876,1.5000000000000004,0.0,1.0400604433713454,1.07142625845669,0.0,0.0,-9.729328510273065e-05
12.100000000003297,51.49762499863838,-25.6219118651393,6.326084685279726,1.7085470259874966,-4.123303171002852,1.1603562803704133,4.611636225615367,-67.49265947556114,-9.369779325794436,7.567954913046818,-38.334050644365405,-70.42737901638948,24.909119830394012,-22.20662959081947,-6.280154069719924,7.324646493997725,-36.775748690026305,-70.0137002868989,1.5000000000000004,0.0,0.8721547523016213,0.9044454256394358,0.0,0.0,-9.034658604225172e-05
12.150000000003358,51.5819071834692,-25.82802041783703,6.383511892035214,1.6624746232744834,-4.122109579508572,1.1365489458928986,4.587739395924558,-68.03544689742075,-10.855748437178876,7.947690527477982,-37.14198838665124,-71.62271912637765,17.93874168379361,-21.974678639667832,-5.122537781682279,7.84113327860027,-36.47200846257686,-71.43787131029826,1.5000000000000004,0.0,0.7161092603664488,0.7466894278712353,0.0,0.0,-8.672378995190783e-05
12.200000000003419,51.66375120449792,-26.03419856352262,6.439727375634065,1.610626056541682,-4.125404422379882,1.1126893016681358,4.566306540766751,-68.67350487482442,-12.761159548057686,8.372647194122871,-36.279007739251476,-72.81941029053993,8.195716080661853,-21.099706909390243,-4.028035774363254,8.355796077994382,-36.17766652451677,-72.78799470900806,1.5000000000000004,0.0,0.5786237805719436,0.6057668215060873,0.0,0.0,-8.309783058225236e-05
12.25000000000348,51.74280780998571,-26.240559709044476,6.494845067991275,1.5508208988418473,-4.128530829354409,1.0933487610260133,4.543701550768003,-69.41206148974277,-14.771132298348912,8.788836812952312,-36.154691697455284,-73.92565374577535,-7.899578187751049,-15.23380982897423,-3.396310464278742,8.793647049099746,-36.202773869610496,-73.93362001845786,1.5000000000000004,0.0,0.46166595873795635,0.4845737740778959,0.0,0.0,-8.022937063879653e-05
12.300000000003541,51.81866779209677,-26.446967682745044,6.549194107224137,1.4831126195326392,-4.126707600290472,1.0822275344822878,4.516697366096573,-70.23188359912072,-16.396442187538923,9.082186715214505,-36.692347089578774,-74.75655992842059,-15.078583399511984,-8.405224341972565,-3.2110000848403693,9.065886319801384,-36.512816705832094,-74.73169264045748,1.5000000000000004,0.0,0.364610332998267,0.3835213725570096,0.0,0.0,-8.27625269932849e-05
12.350000000003602,51.89101001950206,-26.65311544912316,6.603194232527659,1.4110470471484484,-4.118310110419272,1.0787128209474648,4.484992005001168,-71.08712064902701,-17.104740998105214,9.184510748302165,-37.237429256948076,-75.21383937744638,-6.782391768487621,-3.526614720173477,-3.045706361754835,9.119058893520409,-36.65467778534516,-75.10747966151044,1.5000000000000004,0.0,0.2855464608616609,0.300903131398138,0.0,0.0,-8.910889874611472e-05
12.400000000003663,51.95976240736842,-26.858729935844682,6.657091163643953,1.340478978584528,-4.1061895114077505,1.076762411680548,4.451639415634442,-71.92055931671271,-16.66877335369353,9.12985284889006,-37.172704442261754,-75.38041832846213,8.434821170506869,-4.051195630590901,-2.8447962532224644,9.022789239397381,-36.26534805886753,-75.20137818010308,1.5000000000000004,3.0,0.252380371507797,0.24631527097364622,0.0,0.0,-9.344548625696943e-05
12.450000000003724,52.025129663123494,-27.063758773231093,6.710759250670211,1.2761855716742314,-4.095851460445457,1.068349346842442,4.421088002548845,-72.69400814699657,-15.468976605658069,9.079304695237022,-36.39956054991162,-75.57575736676866,20.176142672115027,-7.048239301821192,-3.1246304678828514,8.92303686462317,-35.399386593650156,-75.3056377182014,1.5000000000000004,3.0,0.42549737571501955,0.37779001262283435,0.0,0.0,-9.412294952127801e-05
12.500000000003785,52.087493747619526,-27.26843364367741,6.763703216636021,1.2202582022878599,-4.09276177577687,1.0471834262468251,4.397308513365543,-73.39803390146986,-14.08051508944881,9.099723397269104,-35.18993386432084,-75.948811496088,23.987923708368662,-13.121191903656914,-3.5976680264891154,8.958124112439139,-34.297254747181725,-75.69560068917616,1.5000000000000004,0.0,0.6958714474132884,0.6457080763411358,0.0,0.0,-9.08908910172545e-05
12.550000000003847,52.14723408660753,-27.473208517660723,6.815229338328209,1.1703424006034924,-4.0996255668445665,1.0125163332234206,4.381988184377062,-74.06725708369164,-13.384463644419231,9.364079294926366,-34.4799717088544,-76.91073365414309,-21.823540119739228,-17.45917602875123,-2.581827570629461,9.174104187707673,-33.61773485291747,-76.50876820102496,1.5000000000000004,0.0,0.8145474779129235,0.7967773556579152,0.0,0.0,-7.107597949589225e-05
12.600000000003908,52.20448311640346,-27.678473556621253,6.864902420449526,1.1200483382086677,-4.111572287249675,0.9746137516364146,4.371430763272173,-74.76160884445417,-13.88703521523346,9.565213247144653,-35.01709982886297,-77.63221876107684,-4.631852839520365,-22.43786560601772,-5.879869932476,9.52767345166605,-33.733033579716185,-77.58424648893877,1.5000000000000004,0.0,0.810628667181727,0.8175425779692993,0.0,0.0,-8.56323789733493e-05
12.650000000003969,52.2592025994759,-27.884466675297958,6.912619689187038,1.0692249730030123,-4.129002078528524,0.9338577812352095,4.366232994580077,-75.48189083349001,-14.40563978069921,9.88780094387068,-34.83586484235638,-78.7625211871294,5.822363851833284,-16.882177947472012,-5.216882873935882,9.761280343708798,-33.58109176969277,-78.53545700452925,1.5000000000000004,3.0,0.765870667031439,0.7682741287094316,0.0,0.0,-9.222365726691513e-05
12.70000000000403,52.31138278232605,-28.091487274312883,6.958209801452633,1.018385246222496,-4.152422620316361,0.8900971597966624,4.367149537320279,-76.22014042190604,-14.764991768302508,10.207177460191817,-34.55590682936274,-79.97030990429332,-44.696208619417256,-35.00999743013585,-7.882435740599055,10.020054213789827,-33.43645946211878,-79.5825120291353,1.5000000000000004,3.0,0.8835696995773934,0.8408976024135184,0.0,0.0,-7.396770975125723e-05
12.750000000004091,52.36086393473019,-28.299635889513844,7.001814140029242,0.9601161667177015,-4.171128382927744,0.8586243311995375,4.3654748633551845,-77.03736466611117,-16.344484884082853,10.541076043418467,-38.48593708320118,-80.51906984809335,-85.85313407084483,36.21413400540362,12.970843299071728,10.525002426789253,-35.72325036420517,-80.92354410274694,1.5000000000000004,0.0,1.1084771102621669,1.0548558893974225,0.0,0.0,-8.363885660330401e-05
12.800000000004152,52.40731866680126,-28.508358433842062,7.044421760569789,0.899348749009323,-4.175703094934121,0.8478125734008651,4.354780209035082,-77.8454970098589,-16.1626468749348,10.064022031431387,-41.42764553317242,-78.39346127553048,-13.769554655218014,31.88957116732422,9.522396307368105,10.64576832782505,-37.22864245019312,-81.4518029122504,1.5000000000000004,0.0,1.206391076354312,1.1952477008422722,0.0,0.0,-0.00011183970314615686
12.850000000004213,52.45088266607973,-28.71711773767105,7.086615767289257,0.8447194920847266,-4.175096512712897,0.8387450361591294,4.3414830584095165,-78.5621269580074,-14.332598962952224,9.845728795822414,-40.89878023517615,-78.86678565629275,25.84364587895076,-57.11324561972092,-31.872615921936394,10.193943902298946,-36.93561928713797,-81.0474054364697,1.5000000000000004,0.0,1.1605098279421848,1.1764776413302276,0.0,0.0,-9.709613184755926e-05
12.900000000004274,52.49179788153544,-28.92601678851088,7.128095867926818,0.7920313254347511,-4.182593371182424,0.8194566787653657,4.335079027826626,-79.27722447438589,-14.301950327552378,10.85404842598348,-39.34995714565374,-84.08096520526381,4.137545399944308,-75.62149654678267,-34.78336385277828,9.677897764658987,-36.55895412063145,-80.78997848715424,1.5000000000000004,0.0,1.0442664592569284,1.0714184877257396,0.0,0.0,-9.019105344739562e-05
12.950000000004335,52.53002722431733,-29.135454533064188,7.168494267661749,0.7379330347513969,-4.195055183885169,0.7962844347362757,4.3332553652678385,-80.02342581364584,-14.924026785180846,11.380504169188999,-38.580915549313296,-86.2907937641994,24.85271993054348,-4.576242981196776,2.1205508178002894,9.954662919690536,-36.387708612473865,-81.95366637284303,1.5000000000000004,3.0,0.9037943582210568,0.9318399453910404,0.0,0.0,-0.0001123574492763727
13.000000000004396,52.56564200528613,-29.345601619757105,7.207640404591127,0.6879907981914102,-4.212158296845983,0.7686406087211856,4.336636627786537,-80.72353629853836,-14.00220969783348,11.282938411272104,-36.153096164542404,-85.46981560407187,68.86935340067434,-2.6646013369056485,7.187613659322354,10.705446527612542,-34.60160478300182,-84.03849562290212,1.5000000000000004,3.0,0.9205054871967788,0.9021517163196047,0.0,0.0,-0.00011009907705056844
13.050000000004458,52.598767416029894,-29.556798746735858,7.245370870413006,0.6338585737429094,-4.233829495651475,0.7427315004329029,4.344967085202272,-81.4853269246608,-15.235812522429875,11.730329668496793,-37.55760326060918,-87.17532375221127,-108.27035455043817,13.33774573879605,3.7527311191220183,11.764892196947223,-34.894975459935004,-86.91886539824858,1.5000000000000004,3.0,1.095079730694273,1.042719555960705,0.0,0.0,-4.103640794947716e-05
13.100000000004519,52.62870194596061,-29.768718200515995,7.282330099457844,0.5640475950689146,-4.2406464058499695,0.7392408336755169,4.341394780381596,-82.42356984555701,-18.76485841790157,11.929149117821757,-41.0445182284834,-85.02837796352505,-12.137531898929623,45.71820571700498,19.536797977485627,12.674387343067343,-36.53927566531949,-89.17018830000397,1.5000000000000004,0.0,1.2225277504207122,1.2045540570534605,0.0,0.0,-0.00011925212643120451
13.15000000000458,52.65513114697555,-29.980733105403285,7.319389295013417,0.493596651598853,-4.239962284234126,0.7420590740450886,4.332616933859965,-83.35978194525129,-18.72424199386255,11.744444056161596,-40.52732631320711,-85.08544673391681,27.196458365199316,-62.17863254353808,-33.264667305154376,12.510854567085863,-35.93880956832037,-89.54101746862354,1.5000000000000004,0.0,1.1911168222823236,1.2050040002385662,0.0,0.0,-9.73899626826062e-05
13.200000000004641,52.67794144507402,-30.192836788410958,7.356314911481649,0.4175864904115012,-4.2456789348708845,0.7334646308699991,4.328757149542791,-84.38270374903139,-20.45843607557716,12.926620095024157,-39.40939399332547,-91.76083182579143,-30.804333557901167,-107.43621416734801,-54.746102884144136,11.87153945541679,-35.52637811490617,-89.14727295355232,1.5000000000000004,0.0,1.0798797530037887,1.1064901151235143,0.0,0.0,-7.81784361883212e-05
13.250000000004702,52.69669715216449,-30.405334293535017,7.392710373605868,0.33363651654481047,-4.253450890992289,0.7221368394082356,4.327197640746927,-85.51495854260965,-22.645095871537368,13.48847604180235,-40.196480743488884,-94.60227940478477,10.631374100521647,13.696249158686461,5.7050410037969925,11.815790824074849,-36.245550261224665,-89.57956178417535,1.5000000000000004,0.0,0.9364273496368174,0.9672113010797154,0.0,0.0,-0.0001273997818184798
13.300000000004763,52.711453154872125,-30.61823411187032,7.428386820085158,0.25978918082168523,-4.264656739090457,0.7026204044685057,4.329949532444592,-86.51403298947115,-19.981488937205565,12.89936506166758,-37.13933070486285,-93.26291872289562,96.9160106022355,-29.090392921886643,-9.000189528124064,11.872776132105342,-34.40355850589434,-90.34478100649598,1.5000000000000004,0.0,0.787840302861535,0.8182836588131915,0.0,0.0,-0.00012227301199773877
13.350000000004824,52.72275144596136,-30.83211266823649,7.4626767745139455,0.19200630982648845,-4.292766767829599,0.6670414197115946,4.348523565718166,-87.43898880488824,-18.499116308319227,13.283783663042167,-32.91677635208752,-96.21632245589947,29.142808309727435,-80.65790412083742,-22.87126068664582,12.230937579225955,-32.36333081804775,-92.09695034165551,1.5000000000000004,3.0,0.7293261264061366,0.723740268325783,0.0,0.0,-7.422305877068082e-05
13.400000000004885,52.730399482111196,-31.047634933824757,7.494975110191664,0.11230619807522306,-4.32771359009784,0.6256504969429625,4.374146333213902,-88.51348126776179,-21.489849257444753,14.105952166287006,-32.41011027837751,-98.47692559919612,-2.8800773132139175,9.528179540988171,13.460147376214499,13.228061288980372,-31.93783923371506,-95.05552857645378,1.5000000000000004,3.0,0.8752630787243887,0.8354239136829225,0.0,0.0,-9.254635384306408e-05
13.450000000004946,52.73379419836359,-31.26485293326872,7.525435019408627,0.022526743300954232,-4.358001408570582,0.5979052108969807,4.3988833097144875,-89.70383767668734,-23.807128178481996,14.074466420898402,-35.051735019138356,-97.43413629318646,-123.99169292433974,75.8750171122984,-15.386918066599325,14.188169617366453,-31.994702221154856,-97.95070180491285,1.5000000000000004,0.0,1.0829399111385096,1.0356146143888425,0.0,0.0,-6.413077027134894e-05
13.500000000005008,52.73239908570074,-31.483070448988943,7.5552212456398,-0.0768612091741636,-4.367607322101049,0.5984414699994206,4.409085342626232,-91.00818778955026,-26.087002257226505,13.984363823132094,-38.01474401485196,-93.59837547926067,16.932506899571447,58.44732349981698,13.790563046033116,14.829771523339625,-33.69152471577466,-99.48847848382107,1.5000000000000004,0.0,1.1272026826189911,1.1257243305084041,0.0,0.0,-0.00011442824249718703
13.550000000005069,52.72617381960424,-31.701485769531406,7.5854171183327885,-0.17069870118597918,-4.369354580419598,0.6075400153333866,4.414691650189353,-92.2372512417154,-24.581269043272577,13.58740957963657,-36.39700343200121,-94.8371250569688,7.101275365493207,-106.736410444498,-55.78315323611965,14.040915241373106,-32.57781998351967,-98.54537268848368,1.5000000000000004,0.0,1.0600227358528804,1.0790900555621168,0.0,0.0,-7.814042402586059e-05
13.60000000000513,52.71519171009031,-31.920076053637413,7.6158234413133705,-0.26920055436888396,-4.373991392682226,0.6092828637328017,4.424420329237397,-93.5218690550034,-25.692356265728964,14.496707388489781,-37.38421961367046,-101.3156873828414,-61.97488773889199,-24.920238373213387,-19.602717678379612,13.299883305738499,-33.493328711626425,-97.65636837866413,1.5000000000000004,0.0,0.9408352693510829,0.9677545335495891,0.0,0.0,-9.25417057628534e-05
13.65000000000519,52.6993170688224,-32.13877766481769,7.646391174576552,-0.36095461688494224,-4.374520088328853,0.6119323130504992,4.431836571264623,-94.71695897279048,-23.901798355712092,13.940826071799236,-37.17914725272446,-99.42912180719404,92.58642013325552,20.20247829044628,10.553595069803302,13.038237494113984,-33.03047565912332,-97.34839752842622,1.5000000000000004,3.0,0.8049750751475906,0.8329589993011126,0.0,0.0,-0.00014966807645943
13.700000000005252,52.679435799526786,-32.35783065525038,7.676682071528983,-0.43209017609141087,-4.3911973137566065,0.5960992612147314,4.4524880794718245,-95.61976620776674,-18.056144699503193,13.77644218385724,-32.00962784152795,-101.28123147146255,45.83152380504665,-107.56312752223447,-36.98874781335261,12.946745493366498,-30.558971305921006,-97.96663626013317,1.5000000000000004,3.0,0.8173816257860445,0.7989926874604785,0.0,0.0,-7.918427157698843e-05
13.750000000005313,52.65593877699616,-32.578071429458085,7.705783818386161,-0.5095332380657611,-4.417637113224643,0.5683174490780912,4.483093408324231,-96.57946001357529,-19.193876116147333,14.723210649654762,-31.639346108392726,-104.83862078509654,-20.56732092703596,10.474105158468452,16.651845070014996,13.81024152441488,-30.526170902429808,-100.77971899693286,1.5000000000000004,3.0,0.997970591073758,0.9533937146066322,0.0,0.0,-9.024726276344335e-05
13.800000000005374,52.62831392066294,-32.799535936386704,7.733687041610134,-0.5956472853304895,-4.438616768017392,0.5523009492279104,4.5123331925252135,-97.64323552184312,-21.275510165330836,15.05324645702992,-34.11759163156287,-102.98981955585062,-91.62750053695416,89.58305912853692,9.17513732309672,14.925042860232772,-30.50740189916506,-104.10724392949507,1.5000000000000004,0.0,1.1450945914959083,1.1136377125398933,0.0,0.0,-8.32761763025628e-05
13.850000000005435,52.59618725884709,-33.02161102716566,7.761401569248175,-0.6881831678140834,-4.441719209795681,0.5600379591484075,4.529471064795283,-98.80716414978357,-23.27857255878053,14.537041879521874,-36.463394922686476,-98.94979690100378,-3.1849008971392703,31.754444829807746,65.82100020236958,15.918015389938322,-31.776800370469065,-106.48389552008841,1.5000000000000004,0.0,1.130697034141117,1.1352944566434247,0.0,0.0,-9.770206561022244e-05
13.900000000005496,52.55948931454316,-33.24359203679324,7.789770001625006,-0.7791352422215523,-4.438006842802462,0.5723155279463895,4.542081188834219,-99.95735923729809,-23.00390175026242,14.982161057388494,-35.215728474153615,-100.84484373668221,-7.771789975006162,-112.11934971470846,-54.11161753916657,15.634309004505813,-30.957248894081495,-106.62508866420029,1.5000000000000004,0.0,1.0330405544651353,1.0569819177867896,0.0,0.0,-7.659522984951916e-05
13.950000000005558,52.518006389178645,-33.46549034661637,7.818533330717255,-0.8827459500797112,-4.439807751298587,0.5803673993474375,4.563765944819964,-101.24519923207397,-25.75679989548587,16.08225697234561,-35.22910638881641,-108.69409637127538,38.29555888625151,-137.1040916436346,-64.01625111228797,15.19566529787452,-31.54419692891232,-106.41280732424464,1.6000000000000005,0.0,0.9003176727381114,0.9289864109834731,0.0,0.0,-0.00010001373502168506
14.000000000005619,52.47098241813764,-33.68772828497405,7.847681024942325,-0.9964535449631418,-4.4524170813025705,0.5810044473551484,4.599402537394501,-102.61495664943287,-27.39514834714444,15.452942555466981,-29.52863759392748,-109.99796567467122,122.31466004032015,46.34984235311202,18.115844798509045,14.67796268239447,-29.150382884674194,-105.92444578678965,1.6000000000000005,0.0,0.7601360921225396,0.7891462730798017,0.0,0.0,-0.00016092618925600056
14.05000000000568,52.41856967892349,-33.91109932534235,7.87623890161388,-1.0952689990416393,-4.484259036815535,0.5611766037896969,4.650065856540572,-103.72561925398666,-22.213252091048748,14.460066655547761,-28.408415609044745,-103.66050375794633,-33.75338503161585,76.92626735776537,35.6754265044492,15.010417479277775,-27.441724799446057,-106.54993885539893,1.6000000000000005,0.0,0.6273032327408493,0.6492504843352589,0.0,0.0,-6.236977462592536e-05
14.10000000000574,52.361664486406305,-34.13605311640271,7.90411932454203,-1.1791414612667208,-4.513021682894213,0.5595883154007478,4.697965344559768,-104.6426418671492,-18.340452263228265,14.748386719564998,-30.82587433905038,-103.66276921590236,-32.8980158089301,-50.876833614161015,-18.04620471086313,15.500074746731626,-29.13715226946268,-107.95487974527717,1.7000000000000006,0.0,0.5088552511276102,0.5322546594207975,0.0,0.0,-5.7431218137690785e-05
14.150000000005802,52.3004604031634,-34.36245063360198,7.932594275268522,-1.270313123908787,-4.541635418589899,0.5796328098557725,4.7514336681076,-105.62651317255586,-19.677426108109415,15.360203606580898,-29.130906441775213,-108.24852758446569,55.20672797105979,-101.08044685829036,-30.652962115041106,15.44607525540246,-28.42226374288712,-108.72128714879896,1.7000000000000006,0.0,0.4072661704575899,0.4271748569806272,0.0,0.0,-0.00010429728639398618
14.200000000005863,52.2343687818172,-34.59024373238613,7.961983916609806,-1.3734920721160653,-4.570429945146096,0.5935217431909993,4.809114098801807,-106.72641846405047,-21.998105829865242,15.502486507133316,-25.602599608692433,-109.20780963923586,48.196200409537184,14.940968484376606,14.306415792547169,15.617267400991977,-26.013804065766113,-109.71568199171803,1.7000000000000006,0.0,0.32246402189804657,0.3390834186972976,0.0,0.0,-0.00011896108879019425
14.250000000005924,52.163023523063956,-34.81953012978431,7.991804425429275,-1.4797422331539243,-4.599482709513644,0.5996231977138364,4.868719159176354,-107.83398391294689,-22.15130897790141,15.89507311392404,-24.799164504687976,-109.96107811051621,-7.538689122168261,-58.00782155119458,-13.239380605190883,16.101464488050347,-25.29562051516443,-111.38649681312233,1.7000000000000006,0.0,0.25307193441199843,0.2664001283933205,0.0,0.0,-6.429042694813316e-05
14.300000000005985,52.086178528527064,-35.050026103727895,8.022070601843966,-1.5954214078092397,-4.618321640705916,0.6117488618267114,4.924276689571259,-109.05771786193387,-24.474678979709605,16.33597998796364,-23.99519344245926,-113.32775946486365,-0.27387201003845657,-28.083631183132564,0.31990920213614404,16.40709031543339,-24.829620659445105,-113.13051289315838,1.7000000000000006,0.0,0.1971511816666422,0.2080972164322979,0.0,0.0,-9.133332132972493e-05
14.350000000006046,52.003235391368875,-35.281203297077155,8.053011126771066,-1.722453968852936,-4.62690594948851,0.6266255576651436,4.976722408347541,-110.41874229442493,-27.220488649787878,16.91924114142528,-24.0019970201888,-115.10613331410124,-12.723874715139942,-50.764077553409024,-12.037058870057027,16.984300423343612,-24.50586040980177,-115.33747995579287,1.7000000000000006,0.0,0.1526285372973095,0.16131627127636397,0.0,0.0,-8.41291601213899e-05
14.400000000006107,51.91368976659817,-35.5125187377381,8.084821534744073,-1.8596032077601758,-4.623805753411169,0.6462028368968822,5.025463346001415,-111.90901580008948,-29.805470113254607,17.423634276921344,-24.076161844933637,-117.39324575263008,-14.995670441842602,-37.73197607386512,-6.050517854994967,17.46093890794715,-24.353452493720916,-117.48841572760973,1.7000000000000006,0.0,0.11752700720063036,0.12441705616418391,0.0,0.0,-9.102309477087836e-05
14.450000000006169,51.81706846610982,-35.743395733805045,8.117689817835917,-2.00491568544176,-4.609738243010649,0.6685519098938263,5.07112760942061,-113.50569092443163,-31.933502486804052,17.858809214099168,-24.223710521387122,-119.47882497196385,-13.141634305880281,-33.36219524403132,-6.302143803797407,17.862518690781652,-24.277636934426457,-119.48482245985434,1.7000000000000006,0.0,0.09007692713856164,0.09550436461192373,0.0,0.0,-9.429894708385551e-05
14.50000000000623,51.71304221577292,-35.97333908861444,8.151687422341787,-2.155147039120701,-4.587026590763767,0.6909101352300911,5.114961243212724,-115.1657950592991,-33.20208269730877,18.183175691952325,-24.291836839163057,-121.24797934243227,-9.467018256342172,-28.018323517582207,-6.08997794704412,18.169620705163307,-24.22416325243534,-121.21145346512554,1.7000000000000006,0.0,0.06875660675414759,0.07301749249274465,0.0,0.0,-9.670970341482274e-05
14.55000000000629,51.60145626368016,-36.201987211312904,8.186760378169462,-2.3067236700967833,-4.558362174866681,0.7115097187270001,5.158089364026475,-116.84133579961971,-33.51081480637124,18.412779095025197,-24.294565737458733,-122.70062213393905,-7.91317996107748,-23.301296167626443,-5.5917182518425825,18.40135669614939,-24.234758121311586,-122.67040436871893,1.7000000000000006,0.0,0.05229346098376006,0.05563596245812465,0.0,0.0,-9.664821648367414e-05
14.600000000006352,51.48232212515032,-36.42908252195479,8.222838896174967,-2.4566800113315246,-4.524980742516144,0.7316272887270351,5.20057745715107,-118.49819987876508,-33.137281582866926,18.602265353867512,-24.374930483709782,-123.9659293236014,-10.36523247855942,-20.562406843547897,-5.130619831057963,18.60516290266364,-24.403195337566938,-123.97235502690886,1.7000000000000006,0.0,0.03964471055101476,0.042269413271259944,0.0,0.0,-9.465346482168962e-05
14.650000000006413,51.35577304871352,-36.65437284000326,8.259991719836629,-2.603143319759376,-4.4858824486521245,0.7552151012748405,5.241168413200115,-120.12645714183456,-32.56514526134986,18.816413294864383,-24.65994262924512,-125.2284495787262,-15.324094892173193,-20.408343726443675,-4.888042568741669,18.835479554118475,-24.783793581939662,-125.27556064412445,1.7000000000000006,0.0,0.029969105227355623,0.03203507131769594,0.0,0.0,-9.238111551512879e-05
14.700000000006474,51.22200658428709,-36.87750995242468,8.298504073289665,-2.745380482612705,-4.438419951562018,0.7865266669789149,5.2778129806391885,-121.73882408970519,-32.24733895737318,19.10579061458814,-25.16682317212365,-126.64485037177465,-20.32490231167358,-22.55904039454454,-4.906113306576966,19.135500192739496,-25.343526941823058,-126.71811623776418,1.7000000000000006,0.0,0.02259628258319684,0.024228998172533323,0.0,0.0,-9.103894646284757e-05
14.750000000006535,51.08123331254283,-37.09800036483321,8.338824633041046,-2.8835353650917592,-4.37970210378069,0.8274851769862753,5.308606072946821,-123.36035497596843,-32.43061772522508,19.49585334818281,-25.819020772237383,-128.30124624923985,-23.662886203352787,-26.031361622029998,-5.163607828556369,19.526898405664735,-25.98787664789487,-128.3776781994189,1.7000000000000006,0.0,0.016997355100481747,0.018295634490036926,0.0,0.0,-9.098187395799255e-05
14.800000000006596,50.93364125142223,-37.31522225245438,8.381423856468087,-3.0183091150118355,-4.307525566903991,0.8772692063511237,5.332407306621186,-125.01916033449415,-33.1761071704738,19.982254562113635,-26.500688634326565,-130.20075737415917,-24.610390559116684,-29.56429686938282,-5.597819373383192,20.005065237801055,-26.610334451973333,-130.25820333467834,1.7000000000000006,0.0,0.012758477173956007,0.01379980403296562,0.0,0.0,-9.20490411792034e-05
14.850000000006657,50.779378050586104,-37.528473382737346,8.426675040379168,-3.1505322026726765,-4.2210178917956265,0.9328333232700471,5.349114245549387,-126.73734997839766,-34.36379287802817,20.533519010398454,-27.103416729914702,-132.27461570391893,-23.347928498551106,-32.10381765408026,-6.088418692075802,20.5421665615099,-27.131302677703037,-132.30027099127162,1.7000000000000006,0.0,0.009558055831404035,0.010403181363295273,0.0,0.0,-9.374735867227906e-05
14.900000000006719,50.618555108588296,-37.737051954906775,8.474757081256783,-3.2807803254323598,-4.121024558092863,0.9897135661164684,5.359654456688744,-128.52357470638518,-35.72449455970661,21.10609507478017,-27.564262562169468,-134.41856164146344,-20.913091466073,-33.15176813370333,-6.4818920589961095,21.101214916342546,-27.523521047082376,-134.4142992153315,1.7000000000000006,0.0,0.007147656087088097,0.007844259810007078,0.0,0.0,-9.534375143499016e-05
14.95000000000678,50.451265953792955,-37.94033192592603,8.525624634088155,-3.409178013084013,-4.009572878090025,1.0436870104650713,5.3654871135269815,-130.37317208732395,-36.99194761873021,21.666666456572546,-27.891068848519172,-136.5428724027496,-18.915999510985383,-32.83278802275389,-6.675196724376167,21.6548612527706,-27.81970707250962,-136.52322749442018,1.7000000000000006,0.0,0.00533633225714768,0.005921644268243564,0.0,0.0,-9.615796729079485e-05
15.00000000000684,50.27761030455691,-38.13779822079033,8.579057699018307,-3.5353643814601994,-3.8889122766917925,1.092127649821174,5.367977534323846,-132.27360498861728,-38.008658025820225,22.207667448599008,-28.160573170307458,-138.6100694578124,-18.713102478030184,-31.689788246206767,-6.678762178819734,22.1970792686533,-28.09750613476546,-138.5927566606418,1.7000000000000006,0.0,0.003977973490496124,0.004480407559512328,0.0,0.0,-9.595109560586389e-05
15.050000000006902,50.09771707586589,-38.329032024565514,8.634763692443238,-3.658548805176531,-3.76046906990512,1.1348577951774141,5.36786821753726,-134.21293710338102,-38.78664229522785,22.745104089831457,-28.47637279809435,-140.6371729891499,-20.511983110367336,-30.38178102447181,-6.59384246199445,22.740733741661757,-28.4409945440629,-140.63326327818322,1.7000000000000006,0.0,0.0029612109782263785,0.0034016056278788767,0.0,0.0,-9.50893140491541e-05
15.100000000006963,49.911763212887834,-38.513651335118105,8.692501190443684,-3.7776298006020377,-3.624340189934206,1.173839984535717,5.365093571603735,-136.18638585230846,-39.46897497850025,23.30401746522737,-28.911197611457784,-142.66956380016063,-23.448127084677857,-29.445438114208702,-6.539848065405552,23.30593261252466,-28.898745571345195,-142.67961302655738,1.7000000000000006,0.0,0.0022014494245843987,0.00256505717995547,0.0,0.0,-9.420763707863385e-05
15.150000000007024,49.719984727016104,-38.691258443589646,8.752142892563143,-3.891390927306674,-3.47996859307296,1.2113435994738626,5.359147140533201,-138.1945709987377,-40.16370292853597,23.905895882975866,-29.478829608686965,-144.7542889831237,-26.394991732539467,-29.187325319397935,-6.603561737052349,23.910019617175767,-29.46811695893097,-144.77015711374125,1.7000000000000006,0.0,0.0016346280579268046,0.0018808983655907534,0.0,0.0,-9.372611279521288e-05
15.200000000007085,49.52267538214477,-38.86142637896786,8.813653686856924,-3.998771755570083,-3.3267562561310444,1.2487778968670284,5.349479318266005,-140.24142213129954,-40.937022651186375,24.563033463950845,-30.141458697475187,-146.92555681047594,-28.4889099492943,-29.671044125415893,-6.823465785844661,24.563028882709634,-30.106593033091183,-146.93471666019266,1.7000000000000006,0.0,0.0012123699432165993,0.0013586978668042994,0.0,0.0,-9.376373525183957e-05
15.250000000007146,49.32017461597791,-39.02370115627128,8.877044408447041,-4.099039203854486,-3.1643474898478536,1.2864286792816133,5.335739515579885,-142.33282962026473,-41.82814977925305,25.276740314134088,-30.831149464818804,-149.19829970682326,-29.313824458344904,-30.769928762047865,-7.192931994799309,25.26642258953528,-30.752419045321677,-149.18896766328615,1.7000000000000006,0.0,0.000898233125496135,0.000967896399318023,0.0,0.0,-9.423993247723454e-05
15.300000000007207,49.11284595109431,-39.17762963899514,8.942300409291628,-4.19195418701492,-2.9930583184764967,1.3231883936098399,5.318054675237653,-144.47313599423467,-42.806127479346344,26.039391996233917,-31.47748213049206,-151.5701543517958,-28.984428264794715,-32.24407414173416,-7.668554864923974,26.015040664876643,-31.348098132113844,-151.5356389384548,1.7000000000000006,0.0,0.0006648281918229044,0.0006767019169506476,0.0,0.0,-9.490825500923758e-05
15.350000000007268,48.90105507162539,-39.32278018477379,9.009342120701483,-4.277649970549955,-2.813432549955347,1.3576072902673038,5.296866010980569,-146.66687324918146,-43.874745098882066,26.839287606581806,-32.030544615138,-154.0289331465318,-28.023433428748994,-33.83241731315277,-8.18900121866957,26.800883610579042,-31.857145325373025,-153.96956184830444,1.7000000000000006,0.0,0.0004916119123025808,0.00046034781708695284,0.0,0.0,-9.551412747076611e-05
15.40000000000733,48.68515358035744,-39.458755562877826,9.078011011689108,-4.356523799305375,-2.626265093675804,1.3880602900492889,5.272881501132549,-148.91695574752637,-45.001649966843225,27.667457339630687,-32.47660448525951,-156.56384184589263,-27.193467394103862,-35.308292100888266,-8.698612480855545,27.617812491288284,-32.27306998476007,-156.48503012780347,1.7000000000000006,0.0,0.00036320501560678194,0.0003001733516151202,0.0,0.0,-9.584338206962904e-05
15.45000000000739,48.465471296958185,-39.58519840020666,9.148074647461247,-4.42900686764927,-2.4323049760143216,1.4132938143468234,5.246866563550041,-151.22545891038504,-46.170063257116915,28.52192789820707,-32.83795487506954,-159.1726502431983,-27.07131360194409,-36.51724061507701,-9.169567468468674,28.464115514547004,-32.616252778135646,-159.08018041599362,1.7000000000000006,0.0,0.0002681140467415344,0.00018196078750535617,0.0,0.0,-9.586103092824516e-05
15.500000000007452,48.24232067767206,-39.701782507457935,9.219254832564621,-4.495332473725804,-2.2320330276033773,1.4327476597313529,5.21945891277168,-153.59457435955548,-47.38230898335093,29.405745862971024,-33.15400729228521,-161.85895702475597,-27.73164015182282,-37.399865806158516,-9.606238226433655,29.34076691645631,-32.918275390567686,-161.75486766240394,1.7000000000000006,0.0,0.00019776325442650918,9.47719282036648e-05,0.0,0.0,-9.572010462967068e-05
15.550000000007513,48.016010369136936,-39.808198403628666,9.291262792758983,-4.5554158382197345,-2.025656603388723,1.446519656119299,5.191099811166709,-156.02672189205066,-48.64295064984404,30.321296405256188,-33.45649896507587,-164.6240519353359,-28.801851182475634,-38.00067320057594,-10.032601647507615,30.247548847186064,-33.20338175193048,-164.50577009909617,1.7000000000000006,0.0,0.0001457633463878364,3.0288647650387484e-05,0.0,0.0,-9.562512669185917e-05
15.600000000007574,47.78686004753345,-39.904143930255515,9.363823798341436,-4.608941845864995,-1.8133156692935233,1.4549675643531121,5.162110931430132,-158.52362347113433,-49.93803158161247,31.263093563224036,-33.75787813948998,-167.4562246228641,-29.80847998889761,-38.269109207630464,-10.478615537643506,31.181898686543008,-33.47805978115843,-167.32579644565604,1.7000000000000006,0.0,0.0001073605445598993,-1.3126850911819607e-05,0.0,0.0,-9.571319570213311e-05
15.650000000007635,47.55520723996103,-39.989329455029434,9.436678284467643,-4.655505476045209,-1.595381712208433,1.4583712514702163,5.132818012773377,-161.0840735164614,-51.20900090647879,32.22737543426361,-34.04790742382778,-170.34961074548897,-30.524261650166647,-38.740018944574594,-10.950633727158746,32.137752484934154,-33.733799914621414,-170.20539110920078,1.7000000000000006,0.0,7.902242931178908e-05,-3.3460252143742254e-05,0.0,0.0,-9.583566717799764e-05
15.700000000007696,47.321411977254925,-40.06348410980343,9.509584002949829,-4.69464121064517,-1.3721844237795395,1.4571215206154216,5.103503631368525,-163.70702424832126,-52.45901463713301,33.20961452020377,-34.304459962589526,-173.300989008135,-30.831107992467565,-39.400766159244476,-11.462128273898475,33.10934728370783,-33.952527495871884,-173.13919272298259,1.7000000000000006,0.0,5.8127256215880815e-05,-4.995567257938819e-05,0.0,0.0,-9.60449055761682e-05
15.750000000007757,47.08585573589141,-40.126352922562795,9.582315268271028,-4.725970336432118,-1.1440548515097253,1.4514602865978687,5.074484613009484,-166.3917276026864,-53.694067087237286,34.204857724349104,-34.503413734751696,-176.30941013979148,-30.87989749132479,-40.34436331085613,-12.006536226910626,34.09237911154375,-34.11304315818074,-176.1275837466467,1.7000000000000006,0.0,4.273133593445477e-05,-6.263063278596554e-05,0.0,0.0,-9.624855855213016e-05
15.800000000007818,46.84893588365973,-40.17769751467699,9.65465381882465,-4.749226699079013,-0.9113019664071809,1.4414617059995183,5.046130930037941,-169.1378690953064,-54.92282985233283,35.213939396190256,-34.63709030325896,-179.38597887922975,-31.371231134577577,-41.56082238851642,-12.631461370598657,35.08659941342317,-34.20316013628783,-179.18017735520147,1.7000000000000006,0.0,3.139516627241534e-05,-7.192465543003717e-05,0.0,0.0,-9.629019207492186e-05
15.85000000000788,46.6110628258508,-40.21729077511163,9.72638417208454,-4.764124045601282,-0.6740478993058858,1.4271957442886567,5.018775367054263,-171.94700745470837,-56.18276718797076,36.24785621888547,-34.727246177668604,177.43785977226793,-32.632553994140494,-42.826825672753486,-13.324717585904496,36.09848167288678,-34.23437761249654,177.68107820249855,1.7000000000000006,0.0,2.3053686137765973e-05,-7.8671210042649e-05,0.0,0.0,-9.627706778922574e-05
15.90000000000794,46.37266243842745,-40.244907158377764,9.79729365424192,-4.770361160273334,-0.43226729979066314,1.408651328522007,4.992744654321856,-174.8222713967281,-57.50527884032442,37.30976141714327,-34.788959280038426,174.14718767423233,-34.04773964908393,-44.07125229117847,-14.110015488042624,37.127212177804964,-34.21620204099994,174.44729731487845,1.7000000000000006,0.0,1.6919598407518363e-05,-8.385009930311454e-05,0.0,0.0,-9.652013815380551e-05
15.950000000008002,46.13417657271611,-40.26032033575954,9.867168502138604,-4.7675588142972085,-0.18598031323473638,1.3858760740273584,4.968385876444721,-177.7660502606744,-58.87557727885414,38.38872762393959,-34.81389834702015,170.75218389814822,-35.054567491069996,-45.23942163475338,-14.962735557321913,38.16184276923285,-34.14587342271734,171.12889922344192,1.7000000000000006,0.0,1.2411432403231482e-05,-8.800205680199274e-05,0.0,0.0,-9.706910442196675e-05
16.00000000000806,45.896068109470185,-40.2633091537601,9.935799927990985,-4.755294382796597,0.06461454620256055,1.3589643384786227,4.9460877246460635,179.2215176020938,-60.24864274456456,39.46575291327723,-34.77940892713571,167.27804210095994,-35.4866517715582,-46.38962868539114,-15.847110157011635,39.18774408856764,-34.01263392829951,167.7439251480453,1.7000000000000006,0.0,9.100083601491136e-06,-9.136152862221829e-05,0.0,0.0,-9.776731143523302e-05
16.050000000007945,45.658819557335306,-40.25366685821428,10.002982022109284,-4.733205342624673,0.31915126602265587,1.3279455360559813,4.926309946885765,176.1424908065128,-61.58053591176351,40.52355684939247,-34.66518804169772,163.74758430308017,-35.59642317893088,-47.56650471652311,-16.728825620202546,40.19364427927386,-33.80668365072804,164.30533563621694,1.7000000000000006,0.0,6.669132052443186e-06,-9.398580891628488e-05,0.0,0.0,-9.841369127415919e-05
16.100000000007828,45.423024148419024,-40.23124303621049,10.068441735412723,-4.6945654330205615,0.5746088482582807,1.2879965638999105,4.901842009084566,173.02177915294683,-62.41423307146485,41.33698142464539,-33.84304669840587,160.5085303625572,8.607452602617606,-55.498841066255665,-17.14190478656181,41.00815471624118,-33.173013451231654,161.09760285345158,1.6000000000000005,0.0,4.885421035133926e-06,-0.00010604991415584054,0.0,0.0,-0.00010539247418920649
16.15000000000771,45.18947496399879,-40.19612049276548,10.131541069778155,-4.648594264553027,0.8271190277012633,1.233672987149551,4.880113068530613,169.91101166179843,-62.21534982311285,41.031659405716205,-30.955229659489195,159.3833550867317,42.00609974701454,-53.05406471773727,-12.394185498529918,41.134682448340854,-30.942050229599815,159.1002379705135,1.6000000000000005,0.0,3.577265778160573e-06,-0.00010099210647857182,0.0,0.0,-0.00010358915736250451
16.200000000007595,44.95805916566509,-40.14850769294548,10.191420976632942,-4.610147060553771,1.0734559247153173,1.158149442410839,4.873096928360396,166.8924418537596,-60.371396160917264,40.720898187219525,-27.685291500534863,158.56436634757105,33.26671840474583,-57.396042482572675,-9.897872374395709,41.059017019160486,-28.30288988823751,157.50138962194538,1.6000000000000005,0.0,2.6183292832017057e-06,-8.481498974333809e-05,0.0,0.0,-8.523636449498977e-05
16.25000000000748,44.72833432867367,-40.088791633120245,10.246925990572294,-4.57863236393694,1.3128361439646228,1.0612657569192028,4.879928080597086,164.00075806646007,-57.8336757461254,40.915710357053676,-25.52655553501975,155.78458366683208,-28.251396672733037,-67.32027335044071,-14.690209015986067,41.39745639444048,-26.6038763746884,154.91000155219393,1.6000000000000005,0.0,1.9157024309882044e-06,-0.0002858082492376776,0.0,0.0,-0.00016847452929086946
16.300000000007362,44.50041737952871,-40.01694446866917,10.29753957699182,-4.5359971031096515,1.5606261624609925,0.9650568500654335,4.89307249713665,161.0140365601267,-59.73443012680709,41.87961327058989,-24.592161009155294,151.97830541690158,-33.69292516586561,-64.69517595446145,-6.6790351470021925,42.206862124017874,-25.395372305598386,151.12068600277877,1.6000000000000005,0.0,1.4010997690908675e-06,-0.00011324841145798537,0.0,0.0,-0.0001051807535954038
16.350000000007245,44.27501494713474,-39.932389214762075,10.343441649592283,-4.4782688042753005,1.8210516528988545,0.871897578085808,4.912364602973081,157.8712818359821,-62.85509448303799,42.67353800087222,-23.251375065474207,147.94062007166403,-24.09777863958855,-77.97095790615158,-15.302514298880576,42.89603311820415,-23.840134241020575,147.24380208664414,1.6000000000000005,0.0,1.0243619097245118e-06,-8.81663484378197e-05,0.0,0.0,-8.372896724579639e-05
16.40000000000713,44.05282757710313,-39.8345259160976,10.384594242264361,-4.408251390456922,2.0922049015997906,0.7736826362523737,4.940504680028346,154.61046649542067,-65.21630681138092,43.131805849319946,-21.360154221234456,144.2787974533326,-13.891341083386804,-74.7813746915473,-13.552919773765066,43.309005004786066,-21.87408853742324,143.67759808162626,1.6000000000000005,0.0,7.486639386500009e-07,-8.557244288686992e-05,0.0,0.0,-8.60099527066888e-05
16.450000000007012,43.83436904496517,-39.72292213091818,10.42057876583114,-4.3296039583401145,2.3699876038621817,0.6649070372334829,4.980402900037045,151.30408631214732,-66.12760366562094,43.33312456828454,-19.281511465034324,141.0332042760935,-10.153331892208978,-72.17523394329426,-14.387802307724986,43.49132839907105,-19.801990433015252,140.4295103603464,1.6000000000000005,0.0,5.469844914550863e-07,-8.384167486050209e-05,0.0,0.0,-8.535648371529323e-05
16.500000000006896,43.620037292773695,-39.59732497110727,10.45086085507705,-4.243125687972893,2.651566321780344,0.5462647259405318,5.03322210055766,147.998377045245,-66.11418533820017,43.3733235706653,-17.327775150227282,137.995946144219,-13.213011466042254,-67.2411323388091,-13.75090395700379,43.53514583983028,-17.90684334463747,137.37176369802708,1.6000000000000005,0.0,3.995056214197361e-07,-8.104701377092186e-05,0.0,0.0,-8.337013483852013e-05
16.55000000000678,43.41026794352433,-39.45758314405486,10.475070362211696,-4.146639271980692,2.935640334391661,0.42321564367305586,5.098206832396008,144.7031654486912,-65.90423193122982,43.37025591391949,-15.735954948001632,134.9670278336984,-20.599464204232707,-63.04721200238963,-13.089043423195264,43.52729273308971,-16.348946336480594,134.33285698301495,1.6000000000000005,0.0,2.916993531933305e-07,-7.90634035530598e-05,0.0,0.0,-8.113943424901183e-05
16.600000000006663,43.20565993863729,-39.30358244353084,10.493170892171646,-4.036056501508314,3.221870859117972,0.3030773722090108,5.173205950834186,141.40061315736978,-66.05104582658228,43.37161036634703,-14.547667885328604,131.80359084950229,-28.450233683335046,-60.47005500298666,-12.557853650805745,43.51029763613579,-15.14034839201445,131.19733620767988,1.6000000000000005,0.0,2.1292045280885265e-07,-7.882259924173208e-05,0.0,0.0,-8.006509247786704e-05
16.650000000006546,43.00703110964151,-39.1352225519112,10.505473358792381,-3.906976125565609,3.509875059188399,0.19201711488580758,5.255526229528447,138.06471191066285,-66.71802493429442,43.38311265326728,-13.663967930480737,128.47361679360054,-34.03676166807074,-59.698956059931035,-12.348220411248446,43.489363845596976,-14.179934777306464,127.93093926797316,1.6000000000000005,0.0,1.553721076500497e-07,-8.020693557135897e-05,0.0,0.0,-8.048707812745422e-05
16.70000000000643,42.815398391783596,-38.95243995080708,10.512527784002623,-3.7559898444903634,3.7985051559305787,0.09330225461563625,5.34273398572887,134.6775532721659,-67.74317277009666,43.36634785602264,-12.917429858708939,125.00413713825368,-36.46466302207202,-60.950280190838,-13.132539529417176,43.44636859399609,-13.334177163999128,124.56006192597523,1.6000000000000005,0.0,1.1334612862095344e-07,-8.260342085793304e-05,0.0,0.0,-8.190316554770637e-05
16.750000000006313,42.63190913638836,-38.75525074465669,10.514965794809601,-3.5813250188960715,4.085760781093621,0.00702523738144434,5.433173971561556,131.23579978142033,-68.83506981507178,43.29275373454251,-12.173142154016796,121.4639325878115,-36.42308911445693,-61.685509692027196,-13.153603595913182,43.358894752566144,-12.497002381695454,121.13369690197997,1.6000000000000005,0.0,8.266511512481078e-08,-8.480867917952748e-05,0.0,0.0,-8.396957694263288e-05
16.800000000006197,42.45775661328919,-38.5437867809005,10.513363843396371,-3.38285711495315,4.36908372298653,-0.0688368083197212,5.526061286742541,127.74959868645809,-69.72402189940762,43.16864359018171,-11.385624883065766,117.94372141077918,-34.93399806703682,-62.124076114381715,-13.298513951431037,43.214429621050655,-11.624518818048035,117.69399131755738,1.6000000000000005,0.0,6.027311080233027e-08,-8.657228079367875e-05,0.0,0.0,-8.588147551778047e-05
16.85000000000608,42.294107817947825,-38.31831304312411,10.508173932626379,-3.1616261485036095,4.645781453536226,-0.1370003838664525,5.621203992215769,124.23673594597456,-70.25725480983402,42.97581047258696,-10.544405588148116,114.48010578256712,-33.55892440050121,-61.858466841224164,-13.365063364572423,43.00907329462145,-10.734291569750114,114.27743304943107,1.6000000000000005,0.0,4.3935371702134156e-08,-8.750750280046835e-05,0.0,0.0,-8.711717186755856e-05
16.900000000005964,42.14206810397064,-38.07922448082107,10.499727158878766,-2.918882118268911,4.913380305445793,-0.19933895850514752,5.718471374997913,120.71319259541595,-70.47086701133672,42.72865367931523,-9.716982445894217,111.0738502973369,-33.73703078585448,-60.648515439209916,-13.16014547215,42.75673962170448,-9.89405255849965,110.88512113796311,1.6000000000000005,0.0,3.20182667552728e-08,-8.744873161744137e-05,0.0,0.0,-8.747781680297312e-05
16.950000000005847,42.00269394132231,-37.827032907010846,10.488306986496253,-2.6552394124269942,5.169654299340103,-0.25581320016920733,5.817307135210593,117.18595273557895,-70.54479719690416,42.452836954611186,-9.002841688690353,107.68934818690023,-35.93373105612067,-58.71658553502718,-12.754121303141112,42.47957027347574,-9.187872007751778,107.49533134848352,1.6000000000000005,0.0,2.3327996297239145e-08,-8.681058650535684e-05,0.0,0.0,-8.718285894761427e-05
17.00000000000573,41.8770331053886,-37.5623601247513,10.47424910646984,-2.3704684653531647,5.412374393989781,-0.3044813652457154,5.916555267022521,113.6520729352305,-70.67759600713369,42.172830681644434,-8.487612654730293,104.28377726666658,-39.587942380467545,-56.423676893814566,-12.287566265414899,42.198664123506724,-8.680103355741647,104.08383247826193,1.6000000000000005,0.0,1.6992461843629022e-08,-8.619206017123826e-05,0.0,0.0,-8.674827706734596e-05
17.050000000005614,41.76615716530077,-37.2859462775935,10.458016545725387,-2.0639728059641884,5.638996833599989,-0.34240011388831193,6.01460779029698,110.10352150015856,-70.97102870160433,41.904941369315864,-8.210787919050231,100.832513641598,-43.56897841913982,-54.13362665138939,-11.894429212418578,41.92833772543568,-8.393654354050142,100.64010170110123,1.6000000000000005,0.0,1.2374777992239329e-08,-8.608249158881423e-05,0.0,0.0,-8.665437732616216e-05
17.100000000005497,41.671159577065,-36.99866975447432,10.44021828760814,-1.7356096872955364,5.846546168660468,-0.3668784246376956,6.109749820359025,106.5340839784682,-71.38875043397336,41.655896785009034,-8.157345162605816,97.33886752255029,-46.76512371378594,-52.125181508562875,-11.652581940151341,41.67473107004463,-8.307970233071146,97.17197375340172,1.6000000000000005,0.0,9.009976224256092e-09,-8.668001795244334e-05,0.0,0.0,-8.71349472506937e-05
17.15000000000538,41.59311381497877,-36.701564981174414,10.421568604328483,-1.3863952602821203,6.0318179213774785,-0.3765120396858965,6.200538732272518,102.94443847540141,-71.79291006150325,41.42474368172218,-8.271184892578079,93.8283101394016,-48.53747147416374,-50.54909845039922,-11.57065021830987,41.437473692318605,-8.373540382467628,93.69930472126046,1.6000000000000005,0.0,6.5586995037881145e-09,-8.785665972695755e-05,0.0,0.0,-8.811840077849089e-05
17.200000000005264,41.5330073063523,-36.39582334728851,10.402809278695882,-1.018726169198245,6.19181618407289,-0.37159113199024807,6.286053661442136,99.34304755835268,-72.02781834114262,41.20659159743576,-8.482399072710932,90.33255376378058,-48.95585698549033,-49.42243299639158,-11.602349019331982,41.21319006596078,-8.5352310098946,90.24148012285816,1.6000000000000005,0.0,4.773339329532345e-09,-8.923173599527202e-05,0.0,0.0,-8.92835909008855e-05
17.250000000005148,41.49168003599957,-36.0827716702711,10.384630986502458,-0.6359801211246557,6.324162815633843,-0.35373612921863923,6.365896267001694,95.74255941645755,-72.00976283807017,40.997490040470176,-8.738351065826686,86.87027958010131,-48.76210360162563,-48.65051826937007,-11.679420992382937,40.99969154295166,-8.755266894887727,86.80490992033003,1.6000000000000005,0.0,3.473280729687072e-09,-9.033759953910948e-05,0.0,0.0,-9.021317515987993e-05
17.30000000000503,41.46979538430453,-35.76383707133892,10.367628975643994,-0.2416935514638858,6.4271996907969235,-0.32496049707176106,6.439946503105164,92.15358150384463,-71.77955825242573,40.798633556825074,-9.025449805913645,83.43436636663067,-48.954167087880315,-48.06564030076133,-11.75128767926656,40.7990695155386,-9.02627748992424,83.37749776164881,1.6000000000000005,0.0,2.5268116987245988e-09,-9.086464511652078e-05,0.0,0.0,-9.063175394438012e-05
17.350000000004915,41.46785242399661,-35.44051654316757,10.352309201059613,0.16117720083540304,6.499718351923906,-0.2866978780999473,6.5080344511774495,88.57949519047382,-71.48172626758279,40.617107190179745,-9.368027234278783,79.99631241776395,-50.13510667900125,-47.479107999722906,-11.80993839403157,40.6178313122239,-9.367083574221073,79.9355446755272,1.6000000000000005,0.0,1.837907278839252e-09,-9.085564063532598e-05,0.0,0.0,-9.059600215689128e-05
17.4000000000048,41.486221919438144,-35.11436489006251,10.339131066356147,0.5704150810253394,6.540555492878924,-0.23938130863505783,6.569744510330188,85.01573026789669,-71.27529845170893,40.462565200407745,-9.804514746690577,76.52639050493697,-52.15914453793928,-46.745005840672626,-11.884775800867848,40.464066383624164,-9.803937690213658,76.45959853426668,1.6000000000000005,0.0,1.3365778578256827e-09,-9.065412183373866e-05,0.0,0.0,-9.043837276699406e-05
17.45000000000468,41.52517326752617,-34.78699870848351,10.32855213475465,0.9840648999138295,6.548403933848217,-0.18276141847895772,6.624453150575198,81.45379545262108,-71.23869630567823,40.342581762425205,-10.359088244638233,73.0132401098981,-54.346519778957614,-45.81697834015114,-12.016324057356975,40.343810377963564,-10.350582021041573,72.94707062772535,1.6000000000000005,0.0,9.718226182984055e-10,-9.064413901409561e-05,0.0,0.0,-9.050622302542756e-05
17.500000000004565,41.5848697911389,-34.460100301389595,10.32104434415972,1.3997393470525978,6.5220020953167985,-0.11664129159919026,6.671535562515564,77.88703890244457,-71.33513100369626,40.25972221054572,-11.027081467982994,69.46888752367366,-55.98595136511705,-44.766343222247095,-12.2308310918474,40.25890002073078,-10.999220932719336,69.41271815662749,1.6000000000000005,0.0,7.064864969781572e-10,-9.101664746338679e-05,0.0,0.0,-9.093979222749765e-05
17.55000000000445,41.66533516353886,-34.13540491042944,10.317073991792117,1.8142270009363817,6.46056516549711,-0.04150995949165716,6.710591996634747,74.31443356957067,-71.4521066576446,40.211578831212236,-11.779343606550883,65.91846238649424,-56.753623338052485,-43.74328127942594,-12.53073326951289,40.207297054146395,-11.72513841641791,65.87812964004534,1.6000000000000005,0.0,5.135075318610671e-10,-9.169833867200028e-05,0.0,0.0,-9.162419112363753e-05
17.600000000004332,41.76641392215791,-33.814666951073,10.31706095125019,2.2236507603232725,6.364137685690652,0.04129239664707151,6.741555921917069,70.74041639867035,-71.48034341817309,40.193506792346525,-12.57973693618509,62.38298438097523,-56.854221170952115,-42.89514276888481,-12.901820623414256,40.18551074621979,-12.499992517568279,62.357867066267154,1.6000000000000005,0.0,3.7317947649582367e-10,-9.24354074431287e-05,0.0,0.0,-9.229550748443254e-05
17.650000000004216,41.887751506069804,-33.49961668118512,10.321343072766966,2.6240330635560514,6.233600292947887,0.12991884404294396,6.764628669551108,67.17134849911837,-71.38135799120586,40.202455564190785,-13.404121517769738,58.866166329740885,-56.82619066642193,-42.28732260664539,-13.327737413571814,40.191577428067234,-13.305079271473947,58.85096070018097,1.6000000000000005,0.0,2.711555417407013e-10,-9.29733177549147e-05,0.0,0.0,-9.27260202545696e-05
17.7000000000041,42.02880445889392,-33.19192592995867,10.330165207848653,3.011863020384827,6.070331592175171,0.2225876872371233,6.78010248971438,63.61117639981318,-71.2034419862697,40.23924841072785,-14.248595800014836,55.35361354452087,-57.13424808048552,-41.87729070097106,-13.800504612391533,40.22652447108872,-14.136342733489762,55.34296276729702,1.6000000000000005,0.0,1.9699298928014074e-10,-9.322564589585739e-05,0.0,0.0,-9.287517768684615e-05
17.750000000003983,42.18887097390442,-32.89319387793572,10.343693898018028,3.3843086066685757,5.875803873081545,0.3179782490066891,6.788204922284862,60.05918816226999,-71.03976475102942,40.30759146588496,-15.122633831676827,51.82426033575095,-57.862628219383055,-41.557083761397365,-14.321222629575088,40.29329732915878,-14.998884768759646,51.816501520295844,1.6000000000000005,0.0,1.430923101268972e-10,-9.330619032934063e-05,0.0,0.0,-9.28919916934856e-05
17.800000000003866,42.36712146900956,-32.60494787627258,10.362042084000183,3.7390334593801433,5.651420061408975,0.4152306080168289,6.789060051192219,56.51099827180781,-70.96379780940902,40.41087389130241,-16.034677278087766,48.264458583684366,-58.73829026263923,-41.22990229654597,-14.893444118225347,40.39422063663683,-15.896648273443676,48.26203760063788,1.6000000000000005,0.0,1.0392419854687858e-10,-9.340837846387435e-05,0.0,0.0,-9.297443989571287e-05
17.85000000000375,42.562615139347336,-32.3286442518706,10.385285423690677,4.073876152371684,5.39865926221614,0.5136542278683832,6.78275971859404,52.96147195259001,-70.99052638452144,40.54868562752761,-16.984177905494445,44.67701702518384,-59.39545956562901,-40.66841410194958,-15.526114869482315,40.529568811761294,-16.825379145368597,44.680800441582264,1.6000000000000005,0.0,7.546637748005817e-11,-9.361161761960406e-05,0.0,0.0,-9.326250912656296e-05
17.900000000003633,42.77430331829891,-32.065657875416946,10.413462921627644,4.386673006724914,5.119336731392449,0.612439282749494,6.769460134483963,49.40728684595132,-71.0837021329395,40.71806570683318,-17.96113090467059,41.07342067791688,-59.74615202829012,-40.29080367362112,-16.198132365153736,40.697456366435084,-17.774082366389294,41.08053397137975,1.6000000000000005,0.0,5.479340189074923e-11,-9.398658037038416e-05,0.0,0.0,-9.35756875734751e-05
17.950000000003516,43.00103011995465,-31.81726128302965,10.446567585570525,4.675329769787453,4.815724752715797,0.7105637841626118,6.749430660547889,45.8474773092422,-71.19619073434822,40.91759197074974,-18.94806231688843,37.45541268494518,-59.81261170640705,-39.935337526659175,-16.8994076491503,40.894609113365554,-18.731596278008816,37.4683732112229,1.6000000000000005,0.0,3.977795252363268e-11,-9.438062228282806e-05,0.0,0.0,-9.392765263100297e-05
18.0000000000034,43.24154069214829,-31.58460313644898,10.484537780884516,4.938005925874317,4.490482992894652,0.8068845123788179,6.723050100197289,42.28249715979399,-71.29960298913043,41.14452750131249,-19.932166464612955,33.827519956056484,-59.6960599340674,-39.67667079052982,-17.62790586079615,41.118884458715165,-19.686843660349847,33.84656288962606,1.6000000000000005,0.0,2.8873364354040775e-11,-9.474618534891625e-05,0.0,0.0,-9.423967342571667e-05
18.050000000003283,43.49449755831448,-31.368692813556418,10.527254561833557,5.1732506170527905,4.146482737764286,0.9002807839728875,6.690765765695667,38.71299976847178,-71.38994782661051,41.39764187061891,-20.905346366595527,30.18761470618707,-59.57305060165834,-39.50943326763307,-18.37841130353243,41.36930203752054,-20.632665397742816,30.21224162924035,1.6000000000000005,0.0,2.0955330835334177e-11,-9.502403695163769e-05,0.0,0.0,-9.445981989625202e-05
18.100000000003167,43.75850173523532,-31.1703955685761,10.574546920799225,5.380047268611934,3.7865862282216747,0.98980861565551,6.653034268052635,35.13865895121587,-71.48681634528492,41.67725278373221,-21.86552742000035,26.52933804598642,-59.53883370053533,-39.40605559441219,-19.1492781104027,41.646055289207844,-21.566113622492622,26.559444591900217,1.6000000000000005,0.0,1.520670526421271e-11,-9.521944939105289e-05,0.0,0.0,-9.460648028713361e-05
18.15000000000305,44.03211323394029,-30.990436595369765,10.626202544528201,5.557753080634554,3.4135275919547046,1.0747561302471982,6.610286730985494,31.557914127785143,-71.61489646878141,41.98395387091666,-22.812603588284357,22.846617299805974,-59.55466718662333,-39.335513655919875,-19.93964941894183,41.949321696929125,-22.48573412090273,22.883204125906246,1.6000000000000005,0.0,1.1033682423870734e-11,-9.538719582550432e-05,0.0,0.0,-9.473851541886201e-05
18.200000000002934,44.3138674047225,-30.829407431801584,10.681978365143609,5.706008671104136,3.0299314574395795,1.1545878796169102,6.562933243851852,27.968622073568593,-71.78584108449833,42.317169090183754,-23.744075973452684,19.137167943675518,-59.51402656397713,-39.28774559938287,-20.747348148408026,42.27816453596915,-23.388510841963395,19.18205955549417,1.6000000000000005,0.0,8.004824248568856e-12,-9.557724414896828e-05,0.0,0.0,-9.489892345024879e-05
18.250000000002817,44.60228764558692,-30.687769524576904,10.741606972214129,5.824689964035654,2.6383883202506975,1.2288507509295372,6.511388505812954,24.368924736923127,-71.99394673307712,42.67480798644768,-24.653946909034943,15.402334140641521,-59.347800165120724,-39.273960945731965,-21.568587445806028,42.63041582097424,-24.268963546267575,15.457401814582617,1.6000000000000005,0.0,5.806711887438266e-12,-9.579670261343795e-05,0.0,0.0,-9.508554584257191e-05
18.3000000000027,44.89589707848671,-30.56585486698094,10.804799119622768,5.913910412982992,2.241483178213732,1.2971214819424166,6.456090717293267,20.75764961932582,-72.22550235211443,43.05445942133956,-25.53551716549831,11.64539654933341,-59.03087808898841,-39.112064455315945,-22.289155919236237,43.00359277485004,-25.120497943711953,11.710791592791573,1.6000000000000005,0.0,4.211696400201347e-12,-9.600209576206318e-05,0.0,0.0,-9.529455080052001e-05
18.350000000002584,45.1932309171207,-30.463867095914612,10.871245505116573,5.974041458381074,1.8417763936265708,1.3590192169128832,6.397518648860234,17.13435011762088,-72.46599003426768,43.45246944748963,-26.400816723227283,7.919596094620012,-57.80847639519087,-37.57844705362987,-22.54345078413882,43.39927013635664,-25.927373929460895,7.94209372165348,1.6000000000000005,0.0,3.0544516111597456e-12,-9.609693405304674e-05,0.0,0.0,-9.5907729971233e-05
18.400000000002468,45.49285057444891,-30.381876715894283,10.940615065522397,6.005774024572773,1.4420665453671069,1.4140121897319922,6.3362692515557395,13.501874116528931,-72.64952002200832,43.856391874867306,-27.231059325662354,4.2563236769400214,-56.773603625562444,-37.03792414572402,-23.018454084948004,43.81261781447621,-26.66728130002321,4.1640111151842385,1.6000000000000005,0.0,2.214929605889596e-12,-9.625420557054929e-05,0.0,0.0,-9.58232881131213e-05
18.45000000000235,45.7933596826113,-30.31981888225552,11.01255127519883,6.010043824208524,1.0447555589142858,1.4617729164661761,6.2728718308366025,9.861462811965422,-72.80822609143985,44.286002852044874,-28.060057071017997,0.6129733954263199,-56.868465890738385,-35.29465288129207,-23.07041365949889,44.25592020792534,-27.360342167030005,0.3537715465338224,1.6000000000000005,0.0,1.6059726119222666e-12,-9.567463915669532e-05,0.0,0.0,-9.558490872065371e-05
18.500000000002235,46.093406093866186,-30.277531711086837,11.086700081527033,5.987659938693384,0.6514725660256312,1.5026603140245747,6.207614361819048,6.209500126525337,-73.03925370897194,44.74917700220339,-28.939795391205717,-2.9771496965128246,-56.63866589362296,-33.029027231749374,-22.955999350618892,44.74295327622066,-28.01812838167059,-3.497459215290808,1.6000000000000005,0.0,1.16431066837686e-12,-9.545032427727454e-05,0.0,0.0,-9.569037996861564e-05
18.550000000002118,46.39167791170665,-30.254768909673896,11.16272661561798,5.939477704325598,0.2640465199609054,1.5369740846691153,6.140798425435311,2.5454757408222815,-73.28048771423191,45.24519078545616,-29.845823007943924,-6.525766731132262,-56.529556577071794,-31.86817531785999,-23.12033261583136,45.27131665248262,-28.639193537264312,-7.368886443916871,1.6000000000000005,0.0,8.440207660228443e-13,-9.564115362855901e-05,0.0,0.0,-9.554233164714248e-05
18.600000000002,46.68691208991086,-30.251188432529815,11.240303515558917,5.866610532244797,-0.11558651630146768,1.5647223622320707,6.072794698544106,-1.128720370959886,-73.4839222358146,45.790596661335655,-30.759802120266514,-10.088316088801562,-56.86402791231791,-31.114255907717677,-23.23309002249616,45.84806093706369,-29.234134672054733,-11.26039951462615,1.6000000000000005,0.0,6.117751712802685e-13,-9.580023397268938e-05,0.0,0.0,-9.543241754353819e-05
18.650000000001885,46.97790830735633,-30.26635573533384,11.319098840584717,5.770446810260251,-0.48567612191912374,1.5857419329335565,6.0040415690856905,-4.8110245373208835,-73.64608332739158,46.399011344550566,-31.68113174320267,-13.667360335587828,-56.77628694883581,-30.126288530221156,-23.015173277779613,46.4854520308948,-29.79971188257023,-15.177491535328121,1.6000000000000005,0.0,4.433900482232451e-13,-9.611761417583394e-05,0.0,0.0,-9.576867147190325e-05
18.70000000000177,47.26354113085161,-30.299753033237522,11.39877231123087,5.652551880446789,-0.8446868984353745,1.5999137588849361,5.935028454304177,-8.499081486660709,-73.76113898696842,47.07419880844255,-32.585938571904045,-17.245336533967276,-56.28789905124406,-29.539854392118794,-22.61924681743274,47.191857038531964,-30.31269148658081,-19.119221209573745,1.6000000000000005,0.0,3.2131892472452954e-13,-9.66212530889492e-05,0.0,0.0,-9.612271471889438e-05
18.750000000001652,47.54276550472467,-30.350798421868774,11.478977033657412,5.514605587300687,-1.1915892592388675,1.6069816830829482,5.866272229958774,-12.192945803430026,-73.87728633555852,47.83318360299708,-33.453335476932644,-20.846086079142644,-56.2337555571497,-29.33756376636038,-22.02921314033116,47.98187459836248,-30.757326973406254,-23.100810489758796,1.6000000000000005,0.0,2.3283260810221513e-13,-9.693326635451242e-05,0.0,0.0,-9.622560771129395e-05
18.800000000001535,47.81461881888281,-30.418873548529167,11.559350987217448,5.358091692423535,-1.5259898928269706,1.60677646411677,5.7982344160156,-15.897006265770642,-74.08120924698497,48.70186732666966,-34.29325765857446,-24.490964670046825,-56.42972892828789,-28.805094848493525,-21.030678089594556,48.876273540821956,-31.12696640820615,-27.146830557032185,1.6000000000000005,0.0,1.686977439165732e-13,-9.709117925151597e-05,0.0,0.0,-9.644018254650564e-05
18.85000000000142,48.07820355986313,-30.503349712384715,11.639531134627665,5.184253884551936,-1.8477162250891201,1.5992763958335305,5.731337416190021,-19.61653945116579,-74.39066370807635,49.693083763536315,-35.103122775897745,-28.160571441540775,-55.879935313506124,-28.166317562079115,-19.572908505865154,49.885306541878606,-31.400355497045854,-31.257860782918865,1.6000000000000005,0.0,1.2221753903819246e-13,-9.75266129188508e-05,0.0,0.0,-9.692657873311221e-05
18.900000000001302,48.33268685283594,-30.603589489527092,11.719146144243432,4.994442641867062,-2.156664705218189,1.5841260966544244,5.666137612495436,-23.35530925403447,-74.77539605754787,50.804680763413494,-35.83335965072894,-31.84592028725544,-55.291625128665686,-28.710031555409923,-18.23322645931049,51.00758246705425,-31.543993507736968,-35.41555643709251,1.6000000000000005,0.0,8.853548572388099e-14,-9.807816825027739e-05,0.0,0.0,-9.70644100405459e-05
18.950000000001186,48.57730424849585,-30.718958460806554,11.797796495906912,4.789895963014558,-2.4530998610022556,1.560733550314321,5.603275067282454,-27.1188255439956,-75.27032579939804,52.071275904038075,-36.47376655395512,-35.61615014407977,-56.00142428375592,-29.160445624426753,-16.576680722908364,52.25965170797175,-31.55703189296113,-39.639015827438215,1.6000000000000005,0.0,6.413004762844664e-14,-9.802275510776847e-05,0.0,0.0,-9.690477189741311e-05
19.00000000000107,48.811332953864266,-30.84884662000125,11.87506690305274,4.571078565858026,-2.7376511273539457,1.5290087633627525,5.543226564807639,-30.91768868739615,-75.97726286818808,53.52203306111224,-37.06621010609085,-39.46987501387007,-56.492254128563395,-28.54861739553144,-14.229597309429641,53.658432564832616,-31.43821040987179,-43.94146625871413,1.6000000000000005,0.0,4.6447981574594606e-14,-9.803365494507241e-05,0.0,0.0,-9.730356987925328e-05
19.050000000000953,49.03406619271218,-30.99267142363033,11.950538995172316,4.338280566077,-3.01071490951534,1.4888451338382396,5.4865054788028,-34.760186234985774,-76.84995095197165,55.15333898495133,-37.59104261615527,-43.36779356074476,-56.51202595637638,-28.53546913376891,-11.771437769444931,55.19652316120481,-31.16044982635229,-48.29201330738641,1.6000000000000005,0.0,3.3638293196504324e-14,-9.851182992076439e-05,0.0,0.0,-9.767626934071566e-05
19.100000000000836,49.24481497270229,-31.149863077209822,12.023782539837574,4.091886934565573,-3.272474746401306,1.4398811759518308,5.433772856125214,-38.65097205119267,-77.81571632431921,56.982426374358546,-38.01450175880367,-47.34541368416541,-57.360648435224086,-28.86230809374104,-9.153567994504932,56.87405554755346,-30.708702422151752,-52.681640426473926,1.6000000000000005,0.0,2.4359231607880966e-14,-9.873673172735392e-05,0.0,0.0,-9.77285794668397e-05
19.15000000000072,49.44290641088102,-31.319862419231363,12.094343045355634,3.832138209840669,-3.523150118206507,1.3814378420952071,5.385744194288477,-42.59447766508755,-78.87011227808149,59.052154445896704,-38.31690071754213,-51.60090656235761,-70.47896910550186,-38.68171343208159,-10.524238249096053,58.712809614251796,-30.122633567238626,-57.16314344831366,1.6000000000000005,0.0,1.7638288101829447e-14,0.000727435388011817,0.0,0.0,-9.378367899193183e-05
19.200000000000603,49.62762962884709,-31.50213985302744,12.161725019994389,3.5565451623258024,-3.764004217986235,1.312935761013249,5.342334841361844,-46.62328633348518,-80.57617336814036,61.81937042068478,-38.79146973237919,-56.849885735332194,-77.03820585700865,-31.345254860774368,-7.412670062176734,60.82381977309685,-29.691249914284782,-62.001672529398355,1.6000000000000005,0.0,1.277065467491253e-14,0.0006306626080583893,0.0,0.0,-9.692048590729262e-05
19.250000000000487,49.79813590680505,-31.696204077034245,12.22543347163478,3.2641208391155923,-3.9942758399426603,1.234454621000857,5.304017585680565,-50.74431792734715,-82.42063187743139,64.60008215764324,-38.95451109235619,-62.074680897904706,-71.05223771934064,-37.39877069859503,-8.222565609805427,62.95482540421808,-29.152849977700633,-66.64476319872254,1.6000000000000005,0.0,9.24558558116005e-15,0.0008903447726743732,0.0,0.0,-0.00010146029010790259
19.30000000000037,49.95367122364329,-31.901472473948093,12.284940044304262,2.958273458009293,-4.212229544366273,1.1447144846115878,5.273009656550415,-54.919407650153055,-83.50179445631275,67.30505333393168,-38.550708506845915,-67.22240918792987,-70.71032444854963,-43.332478269252796,-7.501953714199429,65.11617933221167,-28.33192491385372,-71.17143356667077,1.6000000000000005,0.0,6.693000368375411e-15,0.0008700846741111324,0.0,0.0,-0.0001017106305249815
19.350000000000254,50.09358348597984,-32.117334285382555,12.33965466823402,2.6388627989047935,-4.418272870273331,1.0428233827293951,5.2509249314005775,-59.151767991913125,-84.64720683539869,70.21911622534566,-37.857438227395065,-72.6778879694035,-80.2347200200443,-44.67411669957443,-5.53703895480093,67.4237290137941,-27.213225089861883,-75.92151907633688,1.6000000000000005,0.0,4.8447687817170475e-15,0.0011629884593243249,0.0,0.0,-0.00010042500578607099
19.400000000000137,50.21709575651601,-32.34320789596111,12.388955593819531,2.3015997998838893,-4.612732318659405,0.9281665574710364,5.237953249203181,-63.48233160960093,-86.61127235395786,73.5311985533433,-37.14595491717903,-78.71436474237488,-92.37025154158776,-42.51997237690772,-4.00954674282556,69.89056535849006,-25.88945815518764,-81.0358418236456,1.6000000000000005,0.0,3.506643701199029e-15,0.0019412182300260138,0.0,0.0,-0.00010086704023713428
19.45000000000002,50.323200467879985,-32.57848087804035,12.432183097144474,1.942354835972958,-4.793941571980429,0.799791297194489,5.233954931355233,-67.9437517018202,-89.22840184459342,77.07189239862531,-36.35253477454088,-85.17379441079315,-98.33794182318522,-41.86835074626566,-4.320694161526226,72.4010646317046,-24.428120546678453,-86.34779835990128,1.6000000000000005,0.0,2.537915687942965e-15,0.002787655120763646,0.0,0.0,-0.00010366476182301659
19.499999999999904,50.41076982634646,-32.822417293741275,12.468610192912454,1.5605934110949917,-4.958872645353716,0.6561388811851575,5.2398843440474305,-72.5308306981659,-91.74157992712792,80.43558485534345,-35.217772409358595,-91.61178227128936,-96.73403082257659,-44.637963575057476,-7.14098909986504,74.83267797740353,-22.78328047868518,-91.62374243595856,1.6000000000000005,0.0,1.8366663625048383e-15,0.0033054804434043132,0.0,0.0,-0.00010717987940388567
19.549999999999788,50.47871606492203,-33.07411978572551,12.497462614891559,1.1579190669284933,-5.10430472976191,0.49695247087584854,5.2575341271489595,-77.21868643160829,-93.75711466906631,83.34447351397948,-33.56514272951034,-97.74324896867634,-95.2344178015588,-50.39826600266637,-9.422148288818207,77.13484504551687,-20.82321035021317,-96.80157751935641,1.6000000000000005,0.0,1.329080973297504e-15,0.003490726933916341,0.0,0.0,-0.0001085637692289578
19.59999999999967,50.526016233238245,-33.33254654827555,12.51795689754309,0.7347990496183573,-5.227620022126959,0.3218394442149678,5.288810959650128,-81.9988718139492,-95.60370764704089,85.81643222142307,-31.46127213736945,-103.7229587592921,-97.6390464956854,-53.15040463919892,-15.1632684881568,79.3209685452838,-18.463825038745345,-102.0291712711027,1.6000000000000005,0.0,9.61703587989163e-16,0.003730444934391178,0.0,0.0,-0.00010948784586038621
19.649999999999554,50.5516143934223,-33.5965130025629,12.529270595716197,0.2898361624733281,-5.32547665205967,0.12965948221572673,5.334933753481705,-86.88478180210204,-97.71819976328455,87.64038836710974,-29.09540959060216,-109.56560553487748,-98.4211860744329,-55.68587789092772,-22.592836498757297,81.38591062082959,-15.68916911937317,-107.38134909183137,1.6000000000000005,0.0,6.958252516759702e-16,0.004134177670931797,0.0,0.0,-0.00011110183352033877
19.699999999999438,50.554396677142506,-33.86463743075299,12.530509681619359,-0.17765857466993346,-5.393435850311886,-0.08129592173085558,5.396973398810978,-91.88662805413621,-100.03692504091646,88.97172886068324,-26.417718685789303,-115.31767407011728,-102.92357558609055,-60.0377833917491,-23.67274605602727,83.2776148613874,-12.53869398604132,-112.81495580770847,1.6000000000000005,0.0,5.03418071127108e-16,0.004657485520434724,0.0,0.0,-0.0001106102331901629
19.74999999999932,50.53322918578006,-34.13529214148517,12.520679690454957,-0.6679363903572996,-5.425983658866225,-0.31328463094381487,5.475909508732997,-97.01778135762086,-102.6230660699322,90.11532823454868,-23.48744739100487,-121.21980261943717,-109.71333310899473,-61.40468759954811,-22.937722672570494,84.98443432021233,-9.146857341003889,-118.38240259706403,1.6000000000000005,0.0,3.6418963792356074e-16,0.005485132676674079,0.0,0.0,-0.00011125184628625201
19.799999999999205,50.48699158643965,-34.40653529310874,12.498677232641246,-1.179800595903892,-5.416190989118853,-0.5681704648815104,5.57224119667043,-102.28868898470449,-105.41815254191835,91.11497846973009,-20.38597162179153,-127.21292249730575,-113.74818284044274,-63.323243521045136,-18.190810000157335,86.50012900501397,-5.673807074677941,-124.0409131367279,1.6000000000000005,0.0,2.6344928522260003e-16,0.006303797197954764,0.0,0.0,-0.00011290389352486262
19.84999999999909,50.41469232414727,-34.67607054055564,12.463338164311219,-1.7094800015281446,-5.357005578327018,-0.8465088303605666,5.686511042962096,-107.69846088150062,-108.19543793617488,92.17617547456004,-17.045465731351584,-133.2515210628812,-118.78942097115672,-65.07107187450671,-9.54718814102345,87.81450931781275,-2.2285256703323872,-129.740944354405,1.6000000000000005,0.0,1.9056256810779175e-16,0.006983232948159337,0.0,0.0,-0.00011398010733848463
19.899999999998972,50.31555804794095,-34.941250862799535,12.41349955353592,-2.252201711881468,-5.241354250544566,-1.147721838510751,5.819061122663853,-113.25312099076392,-111.0932021855247,93.24975704295134,-13.547541473267842,-139.32893449811115,-121.14705424726195,-64.58316323211575,-4.619052369879392,88.92809843680324,1.1425503617665427,-135.5155455017677,1.6000000000000005,0.0,1.3783190761427039e-16,0.007482049371671276,0.0,0.0,-0.0001167609271889941
19.949999999998855,50.18908188643982,-35.19907460636305,12.34805986820148,-2.8019745015551556,-5.0622641628266765,-1.4699481918360793,5.96978452276853,-118.96462574635736,-114.23009511213506,94.13121282166463,-9.9261649301959,-145.2867442093756,-121.27879808632477,-65.66201323265854,-1.0662305575360875,89.82253490993651,4.4818420919240936,-141.33534330397393,1.6000000000000005,0.0,9.968595834540902e-17,0.007602614987502089,0.0,0.0,-0.00011895830317158844
19.99999999999874,50.03508351051735,-35.446200242747416,12.266026371914512,-3.3518992440129742,-4.812923524283122,-1.8109645351043469,6.138326640055768,-124.85479057007005,-117.80329647452855,94.73155191307336,-6.172827223424752,-151.18249975034084,-123.11974941048575,-65.78088777751448,-1.0164524147057272,90.44854697688837,7.876924921368442,-147.24973365873873,1.6000000000000005,0.0,7.209260264470181e-17,0.007535754528035507,0.0,0.0,-0.0001204378478398947
20.049999999998622,49.8537518299782,-35.67892645192115,12.166505715308173,-3.893784423951564,-4.485845099212629,-2.1689528706416032,6.323663491157814,-130.95849696541234,-122.0741279071302,94.862947304377,-2.3925974698771095,-157.0771526667145,-123.87289949229414,-65.89261004451119,-3.123676311293791,90.75233796067063,11.372161322373817,-153.3254822766714,1.6000000000000005,0.0,5.21339159862703e-17,0.007429889756194861,0.0,0.0,-0.00012224605645612106
20.099999999998506,49.64575622446569,-35.89319109348598,12.0486972024643,-4.416594630298745,-4.074234067518992,-2.542033572848367,6.524387024909259,-137.30898489485475,-127.00975858914408,94.5776799928638,1.417157727827137,-163.04456830705752,-127.06361856280654,-66.45070620978233,-1.997773539345556,90.67797243042558,14.932327254388603,-159.5927561637017,1.6000000000000005,0.0,3.7698436677248914e-17,0.007321817928563215,0.0,0.0,-0.00012278800473227298
20.14999999999839,49.412385787448414,-36.0846172456018,11.911894358552813,-4.90655508354607,-3.572459723405837,-2.928154181220903,6.738756426242912,-143.94166029655602,-132.65350803433455,93.98016254956372,5.171453158715706,-169.23546595690135,-130.20885690352253,-65.02177457105151,0.6282973258997848,90.17767155127993,18.412587766479113,-166.12255620362092,1.6000000000000005,0.0,2.725838342439022e-17,0.007278816979103109,0.0,0.0,-0.0001242914123317932
20.199999999998273,49.155690481135885,-36.24862332181917,11.75553357501968,-5.347157613484539,-2.9784793953377693,-3.323454978019373,6.964824982928075,-150.8812722454004,-138.79223897721116,93.17887153964587,8.799384995920011,-175.62447417873582,-132.04188174996966,-63.621144826154975,6.513488799194625,89.25106960255825,21.614716828751764,-172.88830426031333,1.6000000000000005,0.0,1.970838407307238e-17,0.007076565893702279,0.0,0.0,-0.0001258995731618785
20.249999999998156,48.87858260326265,-36.38065924372395,11.579291284901753,-5.720942558816753,-2.295293624279392,-3.7221140521800686,7.200811732046238,-158.13889955019485,-145.1525460962273,92.2340554822817,12.22856182811222,177.78932724604002,-132.4401033443463,-59.948971776217896,10.42139503262707,87.91027364286558,24.386694165329892,-179.8675235320298,1.6000000000000005,0.0,1.4248741173037872e-17,0.006628936593933685,0.0,0.0,-0.00012789407084597766
20.29999999999804,48.58480031781131,-36.47639231709439,11.383229926321471,-6.0126449079205075,-1.5283741743937826,-4.114286132802924,7.444137074790518,-165.73785394023045,-151.97908780106602,90.64564945157889,15.179691469390074,171.44353763890535,-113.73768031921396,-56.57892832447177,-5.356627189344956,86.24840280571095,26.74437321280617,173.05375825306712,1.6000000000000005,0.0,1.0300941544279076e-17,0.005195145481475913,0.0,0.0,-0.00013468129414370033
20.349999999997923,48.27877528135453,-36.53191213543512,11.167980648826791,-6.209461983194835,-0.6901250880530843,-4.488457714110814,7.692850148629121,-173.6581232558921,-158.40538631360252,88.51884000332322,18.084215143933708,165.52500793786163,-117.93095949311345,-58.14004232446324,-3.6558017900673785,84.32547178733397,28.951749044154425,166.04431946999907,1.6000000000000005,0.0,7.446508139047671e-18,0.004037723406959734,0.0,0.0,-0.00012658186888828469
20.399999999997807,47.965630218685675,-36.54393151911276,10.93458735670011,-6.295420071555244,0.21024949068123916,-4.839343987960788,7.943284519610549,178.0871915505247,-165.0937038720487,86.04015320551856,20.30040868635493,158.72088681876838,-131.68664614811397,-42.38812852573833,-0.18022053512054545,81.80227355059814,30.764393911400244,158.40700580337275,1.6000000000000005,0.0,5.3827486807414795e-18,0.00434014417824008,0.0,0.0,-0.00012287796252194534
20.44999999999769,47.651328697957275,-36.509587505287314,10.684440426665821,-6.2556876388897615,1.160271581583143,-5.156191206081688,8.189393489878341,169.49248767036357,-171.89407760362315,83.35321063274337,21.50044842979292,151.59314042824425,-126.70949167871409,-32.01748184583995,-1.4862655175830357,78.9684824805577,31.69510299375414,150.59574163819028,1.6000000000000005,0.0,3.8907344139036104e-18,0.004555810411161871,0.0,0.0,-0.00012584971298242772
20.499999999997573,47.34220333206399,-36.42705423863996,10.41968991447557,-6.090734748756401,2.1324464156216862,-5.4214163804198385,8.428293603398675,160.70417773954944,-175.76619861669272,80.56618555584336,22.099125781417072,144.84388987364744,-118.33779613384569,-27.103613823760785,-7.674385855119324,76.14321254992058,31.86847244144503,143.12312701106117,1.6000000000000005,0.0,2.812130494618701e-18,0.003990176358933918,0.0,0.0,-0.00012620681008903772
20.549999999997457,47.044316105443784,-36.295992441015336,10.143211520108624,-5.8086801047389764,3.0970738800977915,-5.625108670874079,8.658780441674054,151.93433931460632,-175.3967684992709,77.51917953864533,22.246777752226627,138.382705725886,-118.44897793992557,-25.017962205885613,-11.784115963350839,73.24827421279151,31.609779904567198,135.81627441789826,1.6000000000000005,0.0,2.0324323452979924e-18,0.003565349179117183,0.0,0.0,-0.00012161310403814742
20.59999999999734,46.76339800539233,-36.117282715283196,9.858193952595094,-5.412842271772159,4.037180161311902,-5.76266286322597,8.877272576032444,143.28250338977753,-173.03671849697906,74.35024525944948,21.77231914271645,131.68065856246514,-126.87550297344102,-18.62330768972192,-11.29491762024082,70.12170812952411,30.907566115020842,128.3620091560033,1.6000000000000005,0.0,1.468837687169245e-18,0.003830408386023549,0.0,0.0,-0.0001170175077308091
20.649999999997224,46.50516305791007,-35.892389062997985,9.568123884907465,-4.9031182535861495,4.9424573424413065,-5.826473408809864,9.07833936213392,134.7710695789547,-170.22867621685367,71.26740086494073,20.62547449417042,124.82873084540557,-129.21300482887904,-15.234396185379492,-11.620249921697006,66.91546501898198,29.59871258150499,120.96412602089735,1.6000000000000005,0.0,1.0614729387687201e-18,0.0042968707785906845,0.0,0.0,-0.00011733627061649743
20.699999999997107,46.27511077329999,-35.62347008675735,9.276894454423058,-4.288971681317338,5.795363626459392,-5.808944247942272,9.2587985679424,126.50401293787131,-165.34113282205277,68.26949004941521,19.1066338161185,118.20749809050017,-125.34084911519432,-16.07854787904293,-16.83641502997132,63.82934042521028,27.79566067424109,113.92613447404324,1.6000000000000005,0.0,7.670466530731294e-19,0.004300089994355396,0.0,0.0,-0.00011984718317718137
20.74999999999699,46.078085803214954,-35.31364265656099,8.988655301235957,-3.5851704372308695,6.576569548379407,-5.707781562070391,9.417190900102652,118.59669787867568,-158.14630118428116,65.24864385818137,17.370832753882944,111.86569834197378,-124.21872947076363,-17.295626717803252,-22.073035929753882,60.850945337688856,25.71378885286848,107.18021380371422,1.6000000000000005,0.0,5.5425890598258e-19,0.00404274259515668,0.0,0.0,-0.00012028642347508862
20.799999999996874,45.91827083519219,-34.96690504902916,8.707554149708532,-2.8030716157721667,7.2702076973965735,-5.524617008837012,9.551676478020138,111.08444050212067,-150.2451475314504,62.2782672344531,15.316779859243972,105.66498897157082,-125.37728488942938,-16.98244347584918,-24.487817153183432,57.954992643196206,23.370526510174056,100.61115200418837,1.6000000000000005,0.0,4.0048101996201696e-19,0.003921782203330045,0.0,0.0,-0.00012023636737967217
